customer_id,rating,rating_date,movie_id,release_year,title
683427,3,2005-08-17,586,1995,Shanghai Triad
2414149,4,2004-02-29,586,1995,Shanghai Triad
2072798,2,2005-05-12,586,1995,Shanghai Triad
1489566,4,2004-03-25,586,1995,Shanghai Triad
1596982,4,2002-06-09,586,1995,Shanghai Triad
1532433,4,2002-07-04,586,1995,Shanghai Triad
1078893,4,2002-10-19,586,1995,Shanghai Triad
1850615,1,2005-07-11,586,1995,Shanghai Triad
2426587,2,2004-04-25,586,1995,Shanghai Triad
510719,3,2005-10-12,586,1995,Shanghai Triad
1571609,4,2003-08-21,586,1995,Shanghai Triad
1337153,3,2004-07-04,586,1995,Shanghai Triad
428750,5,2004-04-29,586,1995,Shanghai Triad
2413875,3,2005-02-09,586,1995,Shanghai Triad
1439770,4,2002-05-17,586,1995,Shanghai Triad
597164,4,2005-04-11,586,1995,Shanghai Triad
1161915,4,2001-07-09,586,1995,Shanghai Triad
943538,1,2005-04-23,586,1995,Shanghai Triad
1127876,3,2003-10-03,586,1995,Shanghai Triad
1739440,5,2001-05-23,586,1995,Shanghai Triad
430373,4,2005-07-15,586,1995,Shanghai Triad
1011202,3,2005-10-25,586,1995,Shanghai Triad
2176056,2,2005-03-19,586,1995,Shanghai Triad
2115337,4,2004-02-28,586,1995,Shanghai Triad
2315012,1,2004-02-16,586,1995,Shanghai Triad
1946584,3,2005-09-14,586,1995,Shanghai Triad
462857,3,2003-12-05,586,1995,Shanghai Triad
1184111,5,2005-03-07,586,1995,Shanghai Triad
2648869,4,2004-11-14,586,1995,Shanghai Triad
2613200,3,2005-05-25,586,1995,Shanghai Triad
540807,4,2004-04-13,586,1995,Shanghai Triad
1922996,3,2003-08-12,586,1995,Shanghai Triad
718894,4,2005-02-26,586,1995,Shanghai Triad
1826742,4,2003-09-11,586,1995,Shanghai Triad
701514,3,2004-09-06,586,1995,Shanghai Triad
1379923,3,2004-03-30,1132,1994,Romeo is Bleeding
1810235,4,2005-09-02,1132,1994,Romeo is Bleeding
928691,4,2004-03-13,1132,1994,Romeo is Bleeding
2509293,2,2004-07-19,1132,1994,Romeo is Bleeding
29000,3,2004-06-28,1132,1994,Romeo is Bleeding
266320,2,2004-06-04,1132,1994,Romeo is Bleeding
1769834,3,2005-04-04,1132,1994,Romeo is Bleeding
405837,3,2005-01-25,1132,1994,Romeo is Bleeding
2468881,1,2004-08-06,1132,1994,Romeo is Bleeding
2072798,3,2005-07-23,1132,1994,Romeo is Bleeding
555841,2,2005-09-05,1132,1994,Romeo is Bleeding
778615,3,2003-02-16,1132,1994,Romeo is Bleeding
486255,5,2004-06-05,1132,1994,Romeo is Bleeding
2184619,5,2005-11-30,1132,1994,Romeo is Bleeding
2426587,3,2004-08-31,1132,1994,Romeo is Bleeding
940917,3,2005-11-03,1132,1994,Romeo is Bleeding
497052,4,2005-11-17,1132,1994,Romeo is Bleeding
1381258,3,2004-06-30,1132,1994,Romeo is Bleeding
1193468,4,2004-01-03,1132,1994,Romeo is Bleeding
1514886,3,2005-11-11,1132,1994,Romeo is Bleeding
522520,3,2004-06-25,1132,1994,Romeo is Bleeding
2577397,4,2005-03-24,1132,1994,Romeo is Bleeding
2577383,2,2004-11-30,1132,1994,Romeo is Bleeding
697045,4,2004-03-27,1132,1994,Romeo is Bleeding
2530071,2,2004-06-14,1132,1994,Romeo is Bleeding
1755138,3,2005-11-08,1132,1994,Romeo is Bleeding
428750,4,2004-05-13,1132,1994,Romeo is Bleeding
1597736,3,2002-12-09,1132,1994,Romeo is Bleeding
1793530,3,2002-06-24,1132,1994,Romeo is Bleeding
2555117,4,2004-06-06,1132,1994,Romeo is Bleeding
62753,2,2004-12-23,1132,1994,Romeo is Bleeding
1483251,4,2005-01-12,1132,1994,Romeo is Bleeding
2496561,5,2003-11-16,1132,1994,Romeo is Bleeding
881355,5,2003-12-25,1132,1994,Romeo is Bleeding
541376,3,2004-12-16,1132,1994,Romeo is Bleeding
2580917,3,2005-06-16,1132,1994,Romeo is Bleeding
275803,4,2005-08-31,1132,1994,Romeo is Bleeding
2621201,4,2004-06-23,1132,1994,Romeo is Bleeding
662832,5,2003-05-31,1132,1994,Romeo is Bleeding
1494821,3,2004-10-21,1132,1994,Romeo is Bleeding
2012052,4,2004-08-08,1132,1994,Romeo is Bleeding
1726438,5,2005-01-09,1132,1994,Romeo is Bleeding
60706,3,2004-07-14,1132,1994,Romeo is Bleeding
467083,4,2004-09-07,1132,1994,Romeo is Bleeding
332300,4,2003-08-01,1132,1994,Romeo is Bleeding
25049,1,2005-06-06,1132,1994,Romeo is Bleeding
2375513,3,2005-06-02,1132,1994,Romeo is Bleeding
1278338,3,2005-10-24,1132,1994,Romeo is Bleeding
37362,2,2004-12-08,1132,1994,Romeo is Bleeding
1865396,4,2003-06-23,1132,1994,Romeo is Bleeding
781676,3,2002-10-01,1132,1994,Romeo is Bleeding
1987190,2,2003-05-07,1132,1994,Romeo is Bleeding
2427965,3,2003-08-04,1132,1994,Romeo is Bleeding
2127108,3,2005-01-30,1132,1994,Romeo is Bleeding
1753194,3,2003-05-03,1132,1994,Romeo is Bleeding
1434786,3,2003-09-24,1132,1994,Romeo is Bleeding
1766693,5,2004-08-23,1132,1994,Romeo is Bleeding
876783,3,2005-01-19,1132,1994,Romeo is Bleeding
1095497,3,2005-05-12,1132,1994,Romeo is Bleeding
1763740,3,2005-06-01,1132,1994,Romeo is Bleeding
761379,3,2002-05-23,1132,1994,Romeo is Bleeding
2188684,4,2005-12-28,1132,1994,Romeo is Bleeding
2126215,3,2004-01-30,1132,1994,Romeo is Bleeding
2267335,5,2005-01-10,1132,1994,Romeo is Bleeding
1184111,5,2004-05-21,1132,1994,Romeo is Bleeding
1807774,5,2004-08-25,1132,1994,Romeo is Bleeding
1302968,3,2005-01-19,1132,1994,Romeo is Bleeding
2613200,3,2004-08-11,1132,1994,Romeo is Bleeding
749139,4,2003-05-13,1132,1994,Romeo is Bleeding
2613654,4,2005-08-20,1132,1994,Romeo is Bleeding
2361556,3,2004-09-09,1132,1994,Romeo is Bleeding
2325040,3,2005-04-17,1132,1994,Romeo is Bleeding
1440251,2,2004-08-23,1132,1994,Romeo is Bleeding
1663216,3,2004-09-16,2505,1962,Birdman of Alcatraz
1379923,3,2005-01-30,2505,1962,Birdman of Alcatraz
2648502,5,2003-07-10,2505,1962,Birdman of Alcatraz
1810235,5,2005-08-31,2505,1962,Birdman of Alcatraz
2213550,4,2004-06-22,2505,1962,Birdman of Alcatraz
1113647,5,2004-06-27,2505,1962,Birdman of Alcatraz
800136,3,2002-09-07,2505,1962,Birdman of Alcatraz
1769834,3,2005-03-09,2505,1962,Birdman of Alcatraz
405837,3,2005-02-01,2505,1962,Birdman of Alcatraz
792568,5,2005-05-30,2505,1962,Birdman of Alcatraz
65841,3,2004-09-09,2505,1962,Birdman of Alcatraz
1489566,3,2004-04-03,2505,1962,Birdman of Alcatraz
223407,4,2005-06-04,2505,1962,Birdman of Alcatraz
2178153,4,2005-03-03,2505,1962,Birdman of Alcatraz
1620201,3,2004-06-25,2505,1962,Birdman of Alcatraz
2251582,2,2004-02-14,2505,1962,Birdman of Alcatraz
870045,4,2004-11-16,2505,1962,Birdman of Alcatraz
1930587,4,2005-02-10,2505,1962,Birdman of Alcatraz
493587,2,2004-10-06,2505,1962,Birdman of Alcatraz
1763197,3,2005-04-16,2505,1962,Birdman of Alcatraz
1927703,4,2005-04-28,2505,1962,Birdman of Alcatraz
2601604,3,2002-11-20,2505,1962,Birdman of Alcatraz
1302842,4,2003-09-30,2505,1962,Birdman of Alcatraz
1866424,4,2004-01-25,2505,1962,Birdman of Alcatraz
1429854,2,2005-01-28,2505,1962,Birdman of Alcatraz
2478643,4,2005-05-17,2505,1962,Birdman of Alcatraz
1410683,2,2002-04-29,2505,1962,Birdman of Alcatraz
83366,5,2005-07-25,2505,1962,Birdman of Alcatraz
887893,5,2005-04-15,2505,1962,Birdman of Alcatraz
343555,4,2005-04-19,2505,1962,Birdman of Alcatraz
1527706,4,2005-08-08,2505,1962,Birdman of Alcatraz
1486636,4,2004-06-20,2505,1962,Birdman of Alcatraz
1707271,3,2004-03-09,2505,1962,Birdman of Alcatraz
510719,3,2005-10-09,2505,1962,Birdman of Alcatraz
48915,4,2005-07-06,2505,1962,Birdman of Alcatraz
2482831,3,2003-10-27,2505,1962,Birdman of Alcatraz
697045,4,2005-10-06,2505,1962,Birdman of Alcatraz
706832,5,2004-01-16,2505,1962,Birdman of Alcatraz
240869,3,2004-09-04,2505,1962,Birdman of Alcatraz
2384679,3,2005-08-23,2505,1962,Birdman of Alcatraz
1337153,4,2004-09-08,2505,1962,Birdman of Alcatraz
1375430,3,2004-07-05,2505,1962,Birdman of Alcatraz
1457830,3,2005-01-26,2505,1962,Birdman of Alcatraz
2341962,5,2005-11-11,2505,1962,Birdman of Alcatraz
2452906,4,2003-04-20,2505,1962,Birdman of Alcatraz
2413875,3,2005-02-19,2505,1962,Birdman of Alcatraz
1936110,3,2004-10-23,2505,1962,Birdman of Alcatraz
2065164,4,2004-12-04,2505,1962,Birdman of Alcatraz
1123324,5,2004-11-11,2505,1962,Birdman of Alcatraz
2495474,5,2005-04-19,2505,1962,Birdman of Alcatraz
1559840,4,2005-04-22,2505,1962,Birdman of Alcatraz
2568738,4,2004-12-28,2505,1962,Birdman of Alcatraz
1135948,3,2002-07-07,2505,1962,Birdman of Alcatraz
1604386,2,2005-12-27,2505,1962,Birdman of Alcatraz
965095,4,2003-10-10,2505,1962,Birdman of Alcatraz
2261989,3,2005-01-07,2505,1962,Birdman of Alcatraz
934389,4,2005-08-22,2505,1962,Birdman of Alcatraz
2621201,2,2001-11-11,2505,1962,Birdman of Alcatraz
662832,4,2002-05-02,2505,1962,Birdman of Alcatraz
771809,5,2005-03-02,2505,1962,Birdman of Alcatraz
2278186,4,2004-02-23,2505,1962,Birdman of Alcatraz
2012052,3,2004-02-18,2505,1962,Birdman of Alcatraz
2141312,3,2005-08-15,2505,1962,Birdman of Alcatraz
1846681,5,2005-08-14,2505,1962,Birdman of Alcatraz
18907,2,2002-09-23,2505,1962,Birdman of Alcatraz
2104457,3,2004-06-03,2505,1962,Birdman of Alcatraz
1132764,3,2003-09-12,2505,1962,Birdman of Alcatraz
158266,4,2004-05-17,2505,1962,Birdman of Alcatraz
2059197,4,2004-10-09,2505,1962,Birdman of Alcatraz
1753001,1,2002-10-15,2505,1962,Birdman of Alcatraz
1801452,3,2005-02-23,2505,1962,Birdman of Alcatraz
2375513,4,2005-06-13,2505,1962,Birdman of Alcatraz
2239537,4,2005-05-09,2505,1962,Birdman of Alcatraz
1691893,4,2005-09-15,2505,1962,Birdman of Alcatraz
2343409,5,2005-06-22,2505,1962,Birdman of Alcatraz
184888,4,2002-04-29,2505,1962,Birdman of Alcatraz
2285967,4,2005-10-26,2505,1962,Birdman of Alcatraz
200734,5,2004-12-13,2505,1962,Birdman of Alcatraz
2425662,4,2005-10-31,2505,1962,Birdman of Alcatraz
320939,4,2003-10-06,2505,1962,Birdman of Alcatraz
1191455,4,2005-04-25,2505,1962,Birdman of Alcatraz
2011043,3,2005-06-27,2505,1962,Birdman of Alcatraz
2553056,4,2005-06-28,2505,1962,Birdman of Alcatraz
166041,5,2005-09-02,2505,1962,Birdman of Alcatraz
762835,4,2004-07-07,2505,1962,Birdman of Alcatraz
430373,3,2005-03-18,2505,1962,Birdman of Alcatraz
680045,4,2004-07-23,2505,1962,Birdman of Alcatraz
1312066,3,2005-04-11,2505,1962,Birdman of Alcatraz
901269,3,2002-09-05,2505,1962,Birdman of Alcatraz
1345636,3,2003-05-20,2505,1962,Birdman of Alcatraz
314656,5,2003-09-14,2505,1962,Birdman of Alcatraz
1480900,4,2003-04-15,2505,1962,Birdman of Alcatraz
2126379,4,2004-10-25,2505,1962,Birdman of Alcatraz
1742931,4,2005-01-11,2505,1962,Birdman of Alcatraz
1766693,5,2004-08-23,2505,1962,Birdman of Alcatraz
685687,3,2002-11-20,2505,1962,Birdman of Alcatraz
335178,4,2005-04-03,2505,1962,Birdman of Alcatraz
1175759,4,2004-10-18,2505,1962,Birdman of Alcatraz
1534444,3,2004-01-19,2505,1962,Birdman of Alcatraz
1383426,5,2004-11-23,2505,1962,Birdman of Alcatraz
761379,3,2002-05-07,2505,1962,Birdman of Alcatraz
2185643,4,2003-04-20,2505,1962,Birdman of Alcatraz
2330519,4,2004-06-07,2505,1962,Birdman of Alcatraz
1444287,5,2002-09-25,2505,1962,Birdman of Alcatraz
2315012,3,2005-05-16,2505,1962,Birdman of Alcatraz
1376627,5,2005-10-15,2505,1962,Birdman of Alcatraz
932047,3,2004-01-25,2505,1962,Birdman of Alcatraz
2216322,4,2005-04-01,2505,1962,Birdman of Alcatraz
2179375,4,2005-05-14,2505,1962,Birdman of Alcatraz
1565175,2,2004-08-15,2505,1962,Birdman of Alcatraz
1889646,2,2003-09-11,2505,1962,Birdman of Alcatraz
648238,3,2005-12-18,2505,1962,Birdman of Alcatraz
1581747,4,2005-10-29,2505,1962,Birdman of Alcatraz
460500,3,2003-08-17,2505,1962,Birdman of Alcatraz
885386,3,2004-10-06,2505,1962,Birdman of Alcatraz
10679,4,2005-08-19,2505,1962,Birdman of Alcatraz
2597973,3,2004-11-24,2505,1962,Birdman of Alcatraz
1547747,4,2004-07-19,2505,1962,Birdman of Alcatraz
1513103,4,2005-05-14,2505,1962,Birdman of Alcatraz
1416190,3,2005-06-26,2505,1962,Birdman of Alcatraz
1432044,3,2005-02-15,2505,1962,Birdman of Alcatraz
708047,5,2005-07-01,2505,1962,Birdman of Alcatraz
2648869,3,2004-01-19,2505,1962,Birdman of Alcatraz
1105686,3,2005-04-07,2505,1962,Birdman of Alcatraz
754161,4,2005-10-24,2505,1962,Birdman of Alcatraz
352002,4,2004-07-20,2505,1962,Birdman of Alcatraz
617493,3,2002-09-12,2505,1962,Birdman of Alcatraz
121229,3,2004-09-12,2505,1962,Birdman of Alcatraz
1437372,3,2004-09-27,2505,1962,Birdman of Alcatraz
749139,4,2004-07-12,2505,1962,Birdman of Alcatraz
1872828,5,2004-05-29,2505,1962,Birdman of Alcatraz
1267805,3,2002-01-05,2505,1962,Birdman of Alcatraz
2555055,3,2005-08-12,2505,1962,Birdman of Alcatraz
2399157,4,2004-05-28,2505,1962,Birdman of Alcatraz
576751,3,2003-07-30,2505,1962,Birdman of Alcatraz
862252,4,2003-06-05,2505,1962,Birdman of Alcatraz
2361556,4,2003-10-12,2505,1962,Birdman of Alcatraz
284823,3,2005-12-06,2505,1962,Birdman of Alcatraz
1790903,4,2004-02-25,2505,1962,Birdman of Alcatraz
1940143,5,2004-08-30,2505,1962,Birdman of Alcatraz
2246923,4,2005-01-01,2505,1962,Birdman of Alcatraz
2269100,4,2005-09-05,2505,1962,Birdman of Alcatraz
586517,4,2004-11-03,2505,1962,Birdman of Alcatraz
350009,5,2005-02-01,2505,1962,Birdman of Alcatraz
1112565,3,2005-11-18,2505,1962,Birdman of Alcatraz
517188,3,2004-10-18,2505,1962,Birdman of Alcatraz
510438,5,2002-11-01,2505,1962,Birdman of Alcatraz
335938,3,2003-10-10,2505,1962,Birdman of Alcatraz
716091,5,2000-01-08,5231,1927,The General (Silent)
1663216,3,2003-02-12,5231,1927,The General (Silent)
2482518,4,2003-09-22,5231,1927,The General (Silent)
1192830,3,2000-02-14,5231,1927,The General (Silent)
2242958,5,2001-10-08,5231,1927,The General (Silent)
1769834,2,2005-03-08,5231,1927,The General (Silent)
343283,5,2001-08-17,5231,1927,The General (Silent)
65841,3,2005-09-08,5231,1927,The General (Silent)
2072798,5,2004-12-03,5231,1927,The General (Silent)
2599606,3,2005-08-08,5231,1927,The General (Silent)
2501391,5,2005-05-17,5231,1927,The General (Silent)
1327753,2,2005-06-08,5231,1927,The General (Silent)
40563,3,2005-08-13,5231,1927,The General (Silent)
1927703,5,2004-01-14,5231,1927,The General (Silent)
731133,2,2005-03-23,5231,1927,The General (Silent)
1078893,4,2005-04-14,5231,1927,The General (Silent)
191666,5,2005-06-09,5231,1927,The General (Silent)
1965252,3,2000-03-07,5231,1927,The General (Silent)
1514886,5,2005-09-01,5231,1927,The General (Silent)
887893,3,2005-04-15,5231,1927,The General (Silent)
780532,4,2002-01-30,5231,1927,The General (Silent)
681107,1,2004-12-26,5231,1927,The General (Silent)
2384679,5,2005-08-23,5231,1927,The General (Silent)
1695600,5,2005-03-10,5231,1927,The General (Silent)
1457830,4,2005-01-26,5231,1927,The General (Silent)
1939029,4,2004-01-10,5231,1927,The General (Silent)
775794,5,2000-09-22,5231,1927,The General (Silent)
758052,5,2005-02-05,5231,1927,The General (Silent)
1483251,5,2004-04-06,5231,1927,The General (Silent)
597164,5,2005-05-22,5231,1927,The General (Silent)
813424,2,2004-10-10,5231,1927,The General (Silent)
1008517,3,2005-06-07,5231,1927,The General (Silent)
1846681,5,2004-12-14,5231,1927,The General (Silent)
2104457,4,2004-05-07,5231,1927,The General (Silent)
1407936,4,2005-09-15,5231,1927,The General (Silent)
1579906,3,2004-10-22,5231,1927,The General (Silent)
1801452,1,2005-02-23,5231,1927,The General (Silent)
2239537,4,2005-05-06,5231,1927,The General (Silent)
693527,3,2005-01-31,5231,1927,The General (Silent)
177104,5,2004-09-08,5231,1927,The General (Silent)
2224272,5,2005-03-17,5231,1927,The General (Silent)
2464456,5,2003-03-31,5231,1927,The General (Silent)
138106,4,2003-06-29,5231,1927,The General (Silent)
1753194,3,2005-01-04,5231,1927,The General (Silent)
403446,5,2005-03-19,5231,1927,The General (Silent)
2642403,5,2004-10-22,5231,1927,The General (Silent)
876783,4,2001-11-22,5231,1927,The General (Silent)
487236,4,2004-07-13,5231,1927,The General (Silent)
1175759,4,2004-10-18,5231,1927,The General (Silent)
1945863,4,2004-10-26,5231,1927,The General (Silent)
1383426,2,2005-09-26,5231,1927,The General (Silent)
1676752,1,2005-06-13,5231,1927,The General (Silent)
1763740,4,2005-02-18,5231,1927,The General (Silent)
1649068,4,2005-06-01,5231,1927,The General (Silent)
2188684,4,2005-06-11,5231,1927,The General (Silent)
1122711,3,2004-08-18,5231,1927,The General (Silent)
1444287,5,2005-05-15,5231,1927,The General (Silent)
2216322,4,2005-04-01,5231,1927,The General (Silent)
1642316,4,2004-11-04,5231,1927,The General (Silent)
2357527,5,2004-11-17,5231,1927,The General (Silent)
1581747,4,2005-10-19,5231,1927,The General (Silent)
10679,3,2004-12-15,5231,1927,The General (Silent)
2119190,4,2005-09-02,5231,1927,The General (Silent)
1008039,5,2003-10-05,5231,1927,The General (Silent)
1432044,4,2004-10-21,5231,1927,The General (Silent)
708047,4,2005-06-30,5231,1927,The General (Silent)
1753963,5,2005-03-08,5231,1927,The General (Silent)
617493,3,2002-11-28,5231,1927,The General (Silent)
1565425,4,2004-03-08,5231,1927,The General (Silent)
2296816,4,2005-01-19,5231,1927,The General (Silent)
841955,4,2004-03-01,5231,1927,The General (Silent)
1099833,2,2005-01-12,5231,1927,The General (Silent)
191869,5,2001-03-14,5231,1927,The General (Silent)
2583029,5,2005-01-04,5231,1927,The General (Silent)
1797765,3,2005-07-16,5231,1927,The General (Silent)
1626347,4,2005-11-11,5231,1927,The General (Silent)
1940143,5,2004-07-01,5231,1927,The General (Silent)
954111,4,2004-04-27,5231,1927,The General (Silent)
2246923,4,2005-01-03,5231,1927,The General (Silent)
1451923,5,2001-06-01,5231,1927,The General (Silent)
1162007,2,2005-05-26,5488,1977,Kentucky Fried Movie
705603,4,2003-09-24,5488,1977,Kentucky Fried Movie
482592,3,2005-06-13,5488,1977,Kentucky Fried Movie
1863499,4,2004-08-28,5488,1977,Kentucky Fried Movie
928691,3,2004-05-20,5488,1977,Kentucky Fried Movie
958125,2,2004-03-08,5488,1977,Kentucky Fried Movie
1393236,2,2005-03-19,5488,1977,Kentucky Fried Movie
2509293,2,2003-12-29,5488,1977,Kentucky Fried Movie
152583,2,2004-10-23,5488,1977,Kentucky Fried Movie
343283,4,2003-12-30,5488,1977,Kentucky Fried Movie
2270275,3,2005-10-01,5488,1977,Kentucky Fried Movie
1716677,5,2002-08-13,5488,1977,Kentucky Fried Movie
65841,3,2005-09-08,5488,1977,Kentucky Fried Movie
2599606,2,2005-11-15,5488,1977,Kentucky Fried Movie
40563,3,2005-08-21,5488,1977,Kentucky Fried Movie
1635708,5,2005-10-03,5488,1977,Kentucky Fried Movie
1277996,4,2005-01-10,5488,1977,Kentucky Fried Movie
1498401,5,2005-06-13,5488,1977,Kentucky Fried Movie
2205734,4,2003-09-10,5488,1977,Kentucky Fried Movie
755320,5,2003-03-11,5488,1977,Kentucky Fried Movie
1763197,4,2005-04-16,5488,1977,Kentucky Fried Movie
1734270,2,2003-01-05,5488,1977,Kentucky Fried Movie
940917,4,2005-08-21,5488,1977,Kentucky Fried Movie
1430920,4,2004-10-25,5488,1977,Kentucky Fried Movie
2426587,3,2004-11-23,5488,1977,Kentucky Fried Movie
497052,3,2005-11-17,5488,1977,Kentucky Fried Movie
1381258,1,2004-06-30,5488,1977,Kentucky Fried Movie
191666,5,2005-06-10,5488,1977,Kentucky Fried Movie
1965252,3,2000-08-16,5488,1977,Kentucky Fried Movie
1516909,3,2004-08-06,5488,1977,Kentucky Fried Movie
522520,2,2004-06-25,5488,1977,Kentucky Fried Movie
479898,4,2005-01-30,5488,1977,Kentucky Fried Movie
2482831,3,2004-09-28,5488,1977,Kentucky Fried Movie
48915,3,2005-12-13,5488,1977,Kentucky Fried Movie
1755138,3,2005-11-08,5488,1977,Kentucky Fried Movie
314635,4,2003-07-08,5488,1977,Kentucky Fried Movie
1597736,3,2002-10-29,5488,1977,Kentucky Fried Movie
1793530,4,2002-07-25,5488,1977,Kentucky Fried Movie
1401233,3,2005-05-26,5488,1977,Kentucky Fried Movie
148371,2,2000-10-24,5488,1977,Kentucky Fried Movie
1161256,4,2001-01-23,5488,1977,Kentucky Fried Movie
2496561,3,2004-05-08,5488,1977,Kentucky Fried Movie
101564,4,2005-09-21,5488,1977,Kentucky Fried Movie
881355,3,2005-11-06,5488,1977,Kentucky Fried Movie
2202057,4,2003-06-29,5488,1977,Kentucky Fried Movie
2608542,3,2005-10-31,5488,1977,Kentucky Fried Movie
369756,2,2002-10-30,5488,1977,Kentucky Fried Movie
403620,2,2004-07-10,5488,1977,Kentucky Fried Movie
136030,3,2005-02-16,5488,1977,Kentucky Fried Movie
18907,1,2002-08-02,5488,1977,Kentucky Fried Movie
1132764,3,2005-07-30,5488,1977,Kentucky Fried Movie
1407936,3,2005-06-06,5488,1977,Kentucky Fried Movie
60706,3,2003-05-20,5488,1977,Kentucky Fried Movie
1973114,2,2001-01-10,5488,1977,Kentucky Fried Movie
467083,1,2004-09-07,5488,1977,Kentucky Fried Movie
332300,4,2003-04-02,5488,1977,Kentucky Fried Movie
877394,5,2005-05-11,5488,1977,Kentucky Fried Movie
1753001,3,2002-10-15,5488,1977,Kentucky Fried Movie
2000,4,2004-05-05,5488,1977,Kentucky Fried Movie
1691893,1,2005-10-24,5488,1977,Kentucky Fried Movie
2440182,4,2003-03-09,5488,1977,Kentucky Fried Movie
184888,2,2002-07-13,5488,1977,Kentucky Fried Movie
2285967,3,2004-07-02,5488,1977,Kentucky Fried Movie
37362,2,2004-12-08,5488,1977,Kentucky Fried Movie
200734,4,2005-05-07,5488,1977,Kentucky Fried Movie
193303,2,2004-02-09,5488,1977,Kentucky Fried Movie
2011043,3,2003-02-13,5488,1977,Kentucky Fried Movie
2139217,2,2004-11-08,5488,1977,Kentucky Fried Movie
177104,3,2005-05-23,5488,1977,Kentucky Fried Movie
1278249,3,2005-08-30,5488,1977,Kentucky Fried Movie
902622,5,2004-04-20,5488,1977,Kentucky Fried Movie
294112,4,2004-05-26,5488,1977,Kentucky Fried Movie
1987190,2,2002-11-03,5488,1977,Kentucky Fried Movie
1022711,3,2005-01-02,5488,1977,Kentucky Fried Movie
451702,3,2005-10-15,5488,1977,Kentucky Fried Movie
768710,3,2005-09-22,5488,1977,Kentucky Fried Movie
2176304,4,2004-06-06,5488,1977,Kentucky Fried Movie
1988375,2,2004-04-21,5488,1977,Kentucky Fried Movie
1480900,3,2002-10-10,5488,1977,Kentucky Fried Movie
1357531,2,2004-03-12,5488,1977,Kentucky Fried Movie
876783,4,2002-08-29,5488,1977,Kentucky Fried Movie
1476852,3,2004-03-30,5488,1977,Kentucky Fried Movie
335178,3,2005-10-11,5488,1977,Kentucky Fried Movie
1674496,3,2005-04-01,5488,1977,Kentucky Fried Movie
1095497,3,2005-05-12,5488,1977,Kentucky Fried Movie
2167703,5,2003-12-24,5488,1977,Kentucky Fried Movie
1839542,4,2003-03-19,5488,1977,Kentucky Fried Movie
1649068,5,2005-12-10,5488,1977,Kentucky Fried Movie
2185643,4,2002-10-09,5488,1977,Kentucky Fried Movie
1288346,1,2003-03-28,5488,1977,Kentucky Fried Movie
655111,1,2003-05-18,5488,1977,Kentucky Fried Movie
1832243,2,2004-02-27,5488,1977,Kentucky Fried Movie
1878057,3,2004-10-26,5488,1977,Kentucky Fried Movie
1181649,4,2004-12-08,5488,1977,Kentucky Fried Movie
1444287,3,2002-08-09,5488,1977,Kentucky Fried Movie
2014141,2,2004-07-09,5488,1977,Kentucky Fried Movie
2598477,3,2003-11-03,5488,1977,Kentucky Fried Movie
490057,2,2002-10-18,5488,1977,Kentucky Fried Movie
1000634,3,2003-02-12,5488,1977,Kentucky Fried Movie
2597973,1,2005-05-03,5488,1977,Kentucky Fried Movie
1756840,3,2003-05-18,5488,1977,Kentucky Fried Movie
2267335,4,2005-04-28,5488,1977,Kentucky Fried Movie
1416190,4,2005-06-29,5488,1977,Kentucky Fried Movie
1547173,5,2004-08-29,5488,1977,Kentucky Fried Movie
305466,5,2005-06-28,5488,1977,Kentucky Fried Movie
708047,5,2005-07-12,5488,1977,Kentucky Fried Movie
1432044,5,2005-01-05,5488,1977,Kentucky Fried Movie
580680,1,2005-08-03,5488,1977,Kentucky Fried Movie
1266990,4,2004-12-23,5488,1977,Kentucky Fried Movie
2412372,1,2002-10-19,5488,1977,Kentucky Fried Movie
472734,3,2005-01-24,5488,1977,Kentucky Fried Movie
617535,2,2004-04-30,5488,1977,Kentucky Fried Movie
1753963,4,2005-04-02,5488,1977,Kentucky Fried Movie
947425,3,2004-11-12,5488,1977,Kentucky Fried Movie
2613200,2,2005-03-07,5488,1977,Kentucky Fried Movie
540807,3,2004-05-24,5488,1977,Kentucky Fried Movie
1654721,4,2005-06-08,5488,1977,Kentucky Fried Movie
1267805,2,2002-08-23,5488,1977,Kentucky Fried Movie
2399157,1,2004-01-16,5488,1977,Kentucky Fried Movie
437239,4,2002-11-14,5488,1977,Kentucky Fried Movie
909926,3,2004-06-24,5488,1977,Kentucky Fried Movie
573928,1,2003-09-20,5488,1977,Kentucky Fried Movie
191869,3,2001-01-09,5488,1977,Kentucky Fried Movie
1352912,3,2004-07-03,5488,1977,Kentucky Fried Movie
209494,5,2003-01-24,5488,1977,Kentucky Fried Movie
1797765,3,2005-07-24,5488,1977,Kentucky Fried Movie
2325040,3,2005-04-18,5488,1977,Kentucky Fried Movie
954111,3,2003-12-10,5488,1977,Kentucky Fried Movie
728941,3,2005-04-18,5488,1977,Kentucky Fried Movie
2591364,2,2002-07-15,5488,1977,Kentucky Fried Movie
335938,3,2003-01-26,5488,1977,Kentucky Fried Movie
1663216,2,2005-10-27,6162,1963,Donovan's Reef
482592,3,2005-06-13,6162,1963,Donovan's Reef
958125,4,2004-06-02,6162,1963,Donovan's Reef
2536720,4,2005-07-07,6162,1963,Donovan's Reef
1222878,4,2004-10-19,6162,1963,Donovan's Reef
683427,3,2003-12-27,6162,1963,Donovan's Reef
1163123,5,2003-11-04,6162,1963,Donovan's Reef
800136,3,2004-10-29,6162,1963,Donovan's Reef
125296,3,2004-12-30,6162,1963,Donovan's Reef
792568,4,2005-05-20,6162,1963,Donovan's Reef
2468881,3,2004-08-06,6162,1963,Donovan's Reef
326567,4,2005-07-05,6162,1963,Donovan's Reef
2127755,3,2004-03-24,6162,1963,Donovan's Reef
223407,4,2005-06-04,6162,1963,Donovan's Reef
1035499,3,2004-11-28,6162,1963,Donovan's Reef
2251582,2,2004-06-07,6162,1963,Donovan's Reef
746419,3,2005-07-05,6162,1963,Donovan's Reef
1429854,3,2005-08-07,6162,1963,Donovan's Reef
1302842,3,2003-09-30,6162,1963,Donovan's Reef
1194759,4,2004-11-05,6162,1963,Donovan's Reef
1410683,3,2002-03-08,6162,1963,Donovan's Reef
83366,3,2004-11-11,6162,1963,Donovan's Reef
1219833,3,2005-07-12,6162,1963,Donovan's Reef
887893,3,2005-04-15,6162,1963,Donovan's Reef
1516909,4,2003-08-28,6162,1963,Donovan's Reef
343555,3,2004-10-11,6162,1963,Donovan's Reef
1527706,4,2003-08-06,6162,1963,Donovan's Reef
2603700,4,2001-08-22,6162,1963,Donovan's Reef
48915,3,2005-07-06,6162,1963,Donovan's Reef
2482831,4,2003-10-21,6162,1963,Donovan's Reef
1677064,4,2005-04-26,6162,1963,Donovan's Reef
2452906,5,2003-06-17,6162,1963,Donovan's Reef
2555117,4,2004-06-06,6162,1963,Donovan's Reef
1936110,3,2003-06-06,6162,1963,Donovan's Reef
1951157,5,2003-08-17,6162,1963,Donovan's Reef
2065164,4,2005-11-27,6162,1963,Donovan's Reef
2495474,5,2005-04-19,6162,1963,Donovan's Reef
1723583,4,2005-03-03,6162,1963,Donovan's Reef
805209,5,2005-03-14,6162,1963,Donovan's Reef
275803,5,2005-11-22,6162,1963,Donovan's Reef
1604386,5,2005-12-27,6162,1963,Donovan's Reef
149575,5,2004-10-03,6162,1963,Donovan's Reef
1873315,4,2004-04-17,6162,1963,Donovan's Reef
2608542,4,2005-06-14,6162,1963,Donovan's Reef
934389,4,2005-11-28,6162,1963,Donovan's Reef
662832,2,2004-02-26,6162,1963,Donovan's Reef
1303244,4,2005-08-14,6162,1963,Donovan's Reef
2191370,4,2004-10-08,6162,1963,Donovan's Reef
1494821,3,2004-11-13,6162,1963,Donovan's Reef
1852784,4,2004-12-22,6162,1963,Donovan's Reef
171185,5,2005-05-28,6162,1963,Donovan's Reef
2141312,3,2005-12-06,6162,1963,Donovan's Reef
1846681,4,2005-12-10,6162,1963,Donovan's Reef
2104457,5,2004-06-03,6162,1963,Donovan's Reef
324887,1,2002-12-04,6162,1963,Donovan's Reef
1018465,3,2004-05-14,6162,1963,Donovan's Reef
1142380,3,2005-10-21,6162,1963,Donovan's Reef
424418,5,2003-08-09,6162,1963,Donovan's Reef
2059197,4,2004-12-23,6162,1963,Donovan's Reef
1065687,3,2005-12-07,6162,1963,Donovan's Reef
1983528,2,2004-01-19,6162,1963,Donovan's Reef
1191455,5,2005-06-24,6162,1963,Donovan's Reef
2553056,4,2003-01-14,6162,1963,Donovan's Reef
2139217,3,2004-11-21,6162,1963,Donovan's Reef
166041,3,2005-07-07,6162,1963,Donovan's Reef
1312066,4,2004-04-23,6162,1963,Donovan's Reef
902622,3,2005-05-10,6162,1963,Donovan's Reef
901269,3,2002-08-29,6162,1963,Donovan's Reef
314656,5,2003-08-31,6162,1963,Donovan's Reef
521074,4,2005-07-21,6162,1963,Donovan's Reef
2642403,5,2004-06-19,6162,1963,Donovan's Reef
1137851,5,2005-02-08,6162,1963,Donovan's Reef
761379,3,2002-03-07,6162,1963,Donovan's Reef
2188684,3,2005-06-11,6162,1963,Donovan's Reef
1249922,3,2003-11-06,6162,1963,Donovan's Reef
2330519,4,2005-02-12,6162,1963,Donovan's Reef
619690,3,2004-11-16,6162,1963,Donovan's Reef
932047,4,2003-06-09,6162,1963,Donovan's Reef
1418126,3,2004-10-07,6162,1963,Donovan's Reef
648238,4,2005-07-24,6162,1963,Donovan's Reef
885386,5,2004-10-13,6162,1963,Donovan's Reef
462857,4,2003-12-08,6162,1963,Donovan's Reef
10679,5,2005-05-21,6162,1963,Donovan's Reef
1722054,4,2003-08-26,6162,1963,Donovan's Reef
1547747,5,2004-06-25,6162,1963,Donovan's Reef
2067423,5,2004-12-27,6162,1963,Donovan's Reef
1513103,4,2005-04-09,6162,1963,Donovan's Reef
708047,4,2005-07-01,6162,1963,Donovan's Reef
580680,3,2005-07-27,6162,1963,Donovan's Reef
1044034,3,2004-11-20,6162,1963,Donovan's Reef
1105686,5,2004-12-30,6162,1963,Donovan's Reef
754161,5,2005-06-12,6162,1963,Donovan's Reef
947425,4,2004-08-29,6162,1963,Donovan's Reef
867800,5,2004-05-07,6162,1963,Donovan's Reef
121229,4,2004-09-12,6162,1963,Donovan's Reef
1696358,3,2003-12-01,6162,1963,Donovan's Reef
1719592,5,2005-12-09,6162,1963,Donovan's Reef
1370511,3,2005-01-31,6162,1963,Donovan's Reef
1797765,3,2005-07-16,6162,1963,Donovan's Reef
2198123,3,2005-03-21,6162,1963,Donovan's Reef
459468,5,2005-07-14,6162,1963,Donovan's Reef
326502,5,2005-01-25,6162,1963,Donovan's Reef
1790903,3,2004-03-05,6162,1963,Donovan's Reef
1940143,4,2005-08-08,6162,1963,Donovan's Reef
702103,4,2003-08-25,6162,1963,Donovan's Reef
586517,3,2005-01-04,6162,1963,Donovan's Reef
350009,5,2005-01-30,6162,1963,Donovan's Reef
1112565,3,2005-06-27,6162,1963,Donovan's Reef
517188,4,2004-10-18,6162,1963,Donovan's Reef
510438,4,2002-12-24,6162,1963,Donovan's Reef
1866164,4,2005-10-24,6162,1963,Donovan's Reef
335938,4,2003-04-04,6162,1963,Donovan's Reef
1017144,3,2003-12-26,6162,1963,Donovan's Reef
771345,4,2005-01-12,6953,1999,Twin Falls Idaho
2482518,4,2005-03-17,6953,1999,Twin Falls Idaho
1393236,1,2004-08-22,6953,1999,Twin Falls Idaho
1810235,5,2005-10-12,6953,1999,Twin Falls Idaho
29000,2,2004-06-28,6953,1999,Twin Falls Idaho
2205734,5,2004-08-25,6953,1999,Twin Falls Idaho
1596982,4,2001-08-23,6953,1999,Twin Falls Idaho
1763197,4,2005-04-22,6953,1999,Twin Falls Idaho
862850,3,2002-08-05,6953,1999,Twin Falls Idaho
1866424,4,2004-02-08,6953,1999,Twin Falls Idaho
1161915,3,2004-05-16,6953,1999,Twin Falls Idaho
2408123,3,2005-09-02,6953,1999,Twin Falls Idaho
504296,3,2004-03-16,6953,1999,Twin Falls Idaho
1008517,4,2005-11-28,6953,1999,Twin Falls Idaho
1661702,3,2003-10-29,6953,1999,Twin Falls Idaho
1642678,3,2004-10-04,6953,1999,Twin Falls Idaho
2239537,4,2005-11-28,6953,1999,Twin Falls Idaho
750677,3,2005-02-27,6953,1999,Twin Falls Idaho
1739440,5,2001-03-18,6953,1999,Twin Falls Idaho
2224272,4,2005-05-24,6953,1999,Twin Falls Idaho
220944,3,2004-08-10,6953,1999,Twin Falls Idaho
781676,4,2003-05-25,6953,1999,Twin Falls Idaho
715339,3,2004-11-15,6953,1999,Twin Falls Idaho
1345636,5,2003-08-22,6953,1999,Twin Falls Idaho
2102846,2,2005-09-18,6953,1999,Twin Falls Idaho
2176304,4,2004-01-05,6953,1999,Twin Falls Idaho
1539884,5,2004-01-28,6953,1999,Twin Falls Idaho
1434786,3,2003-09-23,6953,1999,Twin Falls Idaho
2138831,3,2005-03-17,6953,1999,Twin Falls Idaho
1476852,5,2005-05-01,6953,1999,Twin Falls Idaho
434585,3,2002-09-02,6953,1999,Twin Falls Idaho
619690,5,2004-11-16,6953,1999,Twin Falls Idaho
460500,4,2005-11-10,6953,1999,Twin Falls Idaho
2597973,4,2005-04-19,6953,1999,Twin Falls Idaho
2525782,3,2005-08-16,6953,1999,Twin Falls Idaho
1008039,5,2003-10-05,6953,1999,Twin Falls Idaho
1432044,4,2005-01-22,6953,1999,Twin Falls Idaho
223488,3,2005-10-19,6953,1999,Twin Falls Idaho
540807,4,2005-10-02,6953,1999,Twin Falls Idaho
2613654,4,2003-06-27,6953,1999,Twin Falls Idaho
267107,5,2005-05-09,6953,1999,Twin Falls Idaho
371701,2,2005-04-27,6953,1999,Twin Falls Idaho
701514,3,2004-08-10,6953,1999,Twin Falls Idaho
2591364,3,2004-04-11,6953,1999,Twin Falls Idaho
1561647,5,2002-07-02,6953,1999,Twin Falls Idaho
442222,4,2004-08-09,6953,1999,Twin Falls Idaho
716091,4,2004-12-02,8469,1995,Living in Oblivion
2213550,3,2004-06-15,8469,1995,Living in Oblivion
1393236,5,2004-08-22,8469,1995,Living in Oblivion
2242958,3,2003-08-12,8469,1995,Living in Oblivion
1113647,5,2005-06-29,8469,1995,Living in Oblivion
1123641,3,2003-03-14,8469,1995,Living in Oblivion
29000,4,2004-06-24,8469,1995,Living in Oblivion
800136,1,2003-04-12,8469,1995,Living in Oblivion
152583,4,2004-04-13,8469,1995,Living in Oblivion
2199415,3,2005-10-01,8469,1995,Living in Oblivion
1135038,3,2005-07-12,8469,1995,Living in Oblivion
1055705,4,2003-08-28,8469,1995,Living in Oblivion
555841,2,2004-05-27,8469,1995,Living in Oblivion
1648404,3,2005-11-29,8469,1995,Living in Oblivion
1927703,5,2004-01-06,8469,1995,Living in Oblivion
1850615,1,2005-07-11,8469,1995,Living in Oblivion
1575065,4,2004-06-07,8469,1995,Living in Oblivion
2087189,3,2004-08-16,8469,1995,Living in Oblivion
780532,4,2003-08-11,8469,1995,Living in Oblivion
2577397,4,2005-05-23,8469,1995,Living in Oblivion
2577383,4,2005-10-18,8469,1995,Living in Oblivion
252054,4,2003-04-17,8469,1995,Living in Oblivion
1939029,5,2004-05-19,8469,1995,Living in Oblivion
1131759,3,2003-07-21,8469,1995,Living in Oblivion
1597736,3,2003-05-22,8469,1995,Living in Oblivion
1793530,3,2004-04-28,8469,1995,Living in Oblivion
1483251,4,2004-07-14,8469,1995,Living in Oblivion
881355,3,2003-09-18,8469,1995,Living in Oblivion
1723583,4,2005-12-03,8469,1995,Living in Oblivion
2408123,1,2004-04-26,8469,1995,Living in Oblivion
2645828,5,2003-11-03,8469,1995,Living in Oblivion
504296,5,2003-09-24,8469,1995,Living in Oblivion
1008517,3,2005-04-22,8469,1995,Living in Oblivion
2555262,4,2004-03-14,8469,1995,Living in Oblivion
136030,4,2004-11-23,8469,1995,Living in Oblivion
324887,5,2003-04-16,8469,1995,Living in Oblivion
1526640,3,2005-05-02,8469,1995,Living in Oblivion
1278338,2,2005-10-13,8469,1995,Living in Oblivion
37362,3,2005-01-05,8469,1995,Living in Oblivion
2440182,4,2005-09-10,8469,1995,Living in Oblivion
1236929,4,2004-06-22,8469,1995,Living in Oblivion
2425662,5,2004-05-05,8469,1995,Living in Oblivion
193303,4,2005-11-04,8469,1995,Living in Oblivion
532439,3,2005-08-21,8469,1995,Living in Oblivion
1739440,5,2003-01-25,8469,1995,Living in Oblivion
220944,2,2004-06-21,8469,1995,Living in Oblivion
1022711,3,2005-01-19,8469,1995,Living in Oblivion
715339,3,2003-07-20,8469,1995,Living in Oblivion
85824,4,2005-04-03,8469,1995,Living in Oblivion
2176056,4,2005-03-05,8469,1995,Living in Oblivion
1753194,3,2003-05-07,8469,1995,Living in Oblivion
2126379,4,2005-06-18,8469,1995,Living in Oblivion
1357531,4,2004-03-29,8469,1995,Living in Oblivion
434585,2,2004-07-15,8469,1995,Living in Oblivion
2115337,4,2004-09-14,8469,1995,Living in Oblivion
2229846,4,2004-07-06,8469,1995,Living in Oblivion
1249922,4,2005-02-17,8469,1995,Living in Oblivion
1878057,2,2004-10-27,8469,1995,Living in Oblivion
932047,3,2004-08-15,8469,1995,Living in Oblivion
2216322,4,2004-04-26,8469,1995,Living in Oblivion
2357527,3,2004-01-25,8469,1995,Living in Oblivion
2597973,3,2005-03-23,8469,1995,Living in Oblivion
2535512,3,2004-06-11,8469,1995,Living in Oblivion
2518678,5,2003-05-27,8469,1995,Living in Oblivion
2525782,4,2005-08-30,8469,1995,Living in Oblivion
1432044,3,2004-12-07,8469,1995,Living in Oblivion
1807774,4,2005-10-02,8469,1995,Living in Oblivion
1872828,5,2004-05-29,8469,1995,Living in Oblivion
1654721,2,2005-11-01,8469,1995,Living in Oblivion
437239,4,2004-05-06,8469,1995,Living in Oblivion
2613654,3,2005-06-20,8469,1995,Living in Oblivion
267107,4,2005-05-09,8469,1995,Living in Oblivion
2583029,3,2004-07-06,8469,1995,Living in Oblivion
371701,2,2005-03-31,8469,1995,Living in Oblivion
1797765,4,2005-07-17,8469,1995,Living in Oblivion
1440251,2,2004-08-23,8469,1995,Living in Oblivion
2480035,3,2005-12-31,8469,1995,Living in Oblivion
1112365,1,2004-11-11,8469,1995,Living in Oblivion
105421,4,2004-10-20,8469,1995,Living in Oblivion
954111,4,2004-10-25,8469,1995,Living in Oblivion
611573,4,2005-03-04,8469,1995,Living in Oblivion
442222,3,2004-05-10,8469,1995,Living in Oblivion
705603,3,2003-12-11,10041,1982,Cat People
2648502,4,2003-06-23,10041,1982,Cat People
928691,3,2004-03-13,10041,1982,Cat People
1393236,3,2004-08-22,10041,1982,Cat People
1810235,3,2005-09-19,10041,1982,Cat People
1620735,2,2005-11-21,10041,1982,Cat People
2242958,1,2001-01-30,10041,1982,Cat People
2414149,3,2003-11-04,10041,1982,Cat People
800136,5,2002-01-30,10041,1982,Cat People
2243703,4,2004-05-11,10041,1982,Cat People
266320,3,2004-06-20,10041,1982,Cat People
343283,4,2002-06-05,10041,1982,Cat People
125296,3,2005-08-23,10041,1982,Cat People
290916,2,2004-06-30,10041,1982,Cat People
2043109,2,2005-10-10,10041,1982,Cat People
1135038,3,2001-09-08,10041,1982,Cat People
1716677,1,2005-11-15,10041,1982,Cat People
2178153,4,2005-01-12,10041,1982,Cat People
1620201,3,2002-02-28,10041,1982,Cat People
870045,3,2004-07-29,10041,1982,Cat People
1635708,4,2005-12-29,10041,1982,Cat People
1874239,4,2005-10-07,10041,1982,Cat People
454519,3,2005-10-24,10041,1982,Cat People
1648404,2,2004-04-27,10041,1982,Cat People
1912002,3,2005-09-18,10041,1982,Cat People
1734270,2,2004-07-01,10041,1982,Cat People
539044,4,2005-07-22,10041,1982,Cat People
1850615,3,2005-07-11,10041,1982,Cat People
1575065,3,2004-08-23,10041,1982,Cat People
2478643,3,2005-10-07,10041,1982,Cat People
1410683,2,2002-01-21,10041,1982,Cat People
1381258,1,2004-06-30,10041,1982,Cat People
191666,3,2005-06-20,10041,1982,Cat People
2087189,4,2005-05-03,10041,1982,Cat People
1219833,1,2005-06-13,10041,1982,Cat People
2435350,4,2005-08-27,10041,1982,Cat People
1193468,2,2004-01-01,10041,1982,Cat People
2603700,4,2000-10-27,10041,1982,Cat People
1847693,2,2003-05-29,10041,1982,Cat People
2384679,3,2005-08-23,10041,1982,Cat People
1695600,4,2005-08-31,10041,1982,Cat People
1571609,4,2003-08-21,10041,1982,Cat People
314635,3,2003-11-20,10041,1982,Cat People
1375430,3,2005-03-26,10041,1982,Cat People
2341962,4,2005-03-20,10041,1982,Cat People
1597736,2,2000-02-06,10041,1982,Cat People
775794,5,2001-07-28,10041,1982,Cat People
965104,4,2004-05-26,10041,1982,Cat People
1815588,3,2004-09-08,10041,1982,Cat People
1161256,3,2003-12-30,10041,1982,Cat People
2065164,3,2005-01-10,10041,1982,Cat People
1123324,2,2004-11-12,10041,1982,Cat People
1559840,3,2005-04-21,10041,1982,Cat People
2568738,3,2003-06-27,10041,1982,Cat People
1723583,4,2005-03-03,10041,1982,Cat People
2645828,2,2003-11-07,10041,1982,Cat People
149575,3,2005-09-08,10041,1982,Cat People
2261989,2,2004-12-15,10041,1982,Cat People
2202057,5,2003-08-10,10041,1982,Cat People
2621201,2,2001-11-11,10041,1982,Cat People
369756,4,2002-11-15,10041,1982,Cat People
771809,2,2004-11-04,10041,1982,Cat People
1852784,3,2005-03-13,10041,1982,Cat People
1225082,4,2005-09-27,10041,1982,Cat People
1641753,3,2003-11-08,10041,1982,Cat People
202619,4,2003-11-21,10041,1982,Cat People
9557,2,2004-02-13,10041,1982,Cat People
1407936,4,2005-06-09,10041,1982,Cat People
943538,3,2003-09-23,10041,1982,Cat People
790459,3,2003-12-29,10041,1982,Cat People
1661702,3,2005-04-05,10041,1982,Cat People
332300,1,2003-06-03,10041,1982,Cat People
877394,4,2004-03-12,10041,1982,Cat People
25049,2,2004-09-20,10041,1982,Cat People
2375513,3,2005-06-13,10041,1982,Cat People
1691893,2,2005-10-24,10041,1982,Cat People
230252,4,2004-08-27,10041,1982,Cat People
37362,3,2005-03-10,10041,1982,Cat People
1236929,3,2004-09-29,10041,1982,Cat People
750677,2,2003-12-22,10041,1982,Cat People
193303,2,2004-04-27,10041,1982,Cat People
2139217,3,2005-07-13,10041,1982,Cat People
177104,3,2005-07-27,10041,1982,Cat People
109285,2,2003-11-01,10041,1982,Cat People
680045,2,2002-04-25,10041,1982,Cat People
902622,2,2004-04-20,10041,1982,Cat People
294112,3,2004-07-28,10041,1982,Cat People
1988375,3,2004-11-01,10041,1982,Cat People
2127108,3,2005-01-23,10041,1982,Cat People
1539884,4,2004-06-11,10041,1982,Cat People
138106,3,2004-10-31,10041,1982,Cat People
2204299,3,2005-06-21,10041,1982,Cat People
1753194,3,2002-12-10,10041,1982,Cat People
1777163,4,2004-12-09,10041,1982,Cat People
1945863,3,2005-11-11,10041,1982,Cat People
1839542,1,2001-02-07,10041,1982,Cat People
1596469,2,2005-04-11,10041,1982,Cat People
761379,4,2002-03-06,10041,1982,Cat People
1649068,4,2005-01-13,10041,1982,Cat People
2229846,4,2003-06-09,10041,1982,Cat People
1376627,5,2005-10-15,10041,1982,Cat People
2005241,5,2004-12-16,10041,1982,Cat People
1565175,3,2004-12-27,10041,1982,Cat People
2126215,3,2004-03-01,10041,1982,Cat People
490057,2,2001-03-18,10041,1982,Cat People
889674,4,2004-02-28,10041,1982,Cat People
1528122,2,2004-04-23,10041,1982,Cat People
2535512,4,2004-07-30,10041,1982,Cat People
1416190,5,2005-07-08,10041,1982,Cat People
1044034,3,2005-01-05,10041,1982,Cat People
947425,4,2004-08-29,10041,1982,Cat People
1267805,4,2002-01-03,10041,1982,Cat People
576751,1,2001-06-10,10041,1982,Cat People
437239,3,2003-09-23,10041,1982,Cat People
909926,4,2004-08-10,10041,1982,Cat People
1826742,2,2004-01-14,10041,1982,Cat People
983674,5,2004-12-01,10041,1982,Cat People
573928,3,2003-09-07,10041,1982,Cat People
191869,3,2001-04-19,10041,1982,Cat People
1352912,5,2004-11-12,10041,1982,Cat People
284823,3,2005-12-13,10041,1982,Cat People
326502,4,2004-05-27,10041,1982,Cat People
2480035,3,2005-11-29,10041,1982,Cat People
1451923,2,2001-06-01,10041,1982,Cat People
1561647,3,2002-11-07,10041,1982,Cat People
1017144,2,2004-01-01,10041,1982,Cat People
2087152,4,2003-09-27,10041,1982,Cat People
1663216,3,2002-06-14,10111,1965,Sons of Katie Elder
2648502,4,2003-07-10,10111,1965,Sons of Katie Elder
1222878,4,2004-09-30,10111,1965,Sons of Katie Elder
2536720,4,2005-09-19,10111,1965,Sons of Katie Elder
683427,4,2004-01-16,10111,1965,Sons of Katie Elder
1163123,4,2004-02-11,10111,1965,Sons of Katie Elder
800136,3,2003-02-13,10111,1965,Sons of Katie Elder
792568,4,2005-05-20,10111,1965,Sons of Katie Elder
1161725,3,2005-10-19,10111,1965,Sons of Katie Elder
326567,3,2005-07-05,10111,1965,Sons of Katie Elder
2127755,5,2004-03-17,10111,1965,Sons of Katie Elder
1035499,5,2004-11-28,10111,1965,Sons of Katie Elder
2251582,4,2004-02-05,10111,1965,Sons of Katie Elder
1080197,1,2003-09-07,10111,1965,Sons of Katie Elder
1327753,4,2005-06-17,10111,1965,Sons of Katie Elder
40563,3,2005-08-06,10111,1965,Sons of Katie Elder
746419,4,2005-07-05,10111,1965,Sons of Katie Elder
1145956,3,2005-08-04,10111,1965,Sons of Katie Elder
1930587,4,2005-08-10,10111,1965,Sons of Katie Elder
493587,4,2004-10-05,10111,1965,Sons of Katie Elder
1302842,4,2003-09-30,10111,1965,Sons of Katie Elder
1194759,5,2004-11-05,10111,1965,Sons of Katie Elder
2478643,2,2003-01-23,10111,1965,Sons of Katie Elder
1410683,3,2002-05-01,10111,1965,Sons of Katie Elder
83366,5,2004-10-17,10111,1965,Sons of Katie Elder
191666,5,2005-06-09,10111,1965,Sons of Katie Elder
1219833,5,2005-01-26,10111,1965,Sons of Katie Elder
2435350,3,2005-08-24,10111,1965,Sons of Katie Elder
887893,4,2005-04-15,10111,1965,Sons of Katie Elder
343555,4,2004-10-11,10111,1965,Sons of Katie Elder
681107,1,2004-12-26,10111,1965,Sons of Katie Elder
1527706,4,2003-10-26,10111,1965,Sons of Katie Elder
2603700,4,2001-08-22,10111,1965,Sons of Katie Elder
2512828,1,2004-02-22,10111,1965,Sons of Katie Elder
48915,5,2005-07-06,10111,1965,Sons of Katie Elder
697045,2,2003-12-14,10111,1965,Sons of Katie Elder
2482831,4,2003-10-15,10111,1965,Sons of Katie Elder
252054,2,2003-10-21,10111,1965,Sons of Katie Elder
240869,3,2004-09-04,10111,1965,Sons of Katie Elder
1337153,3,2004-09-08,10111,1965,Sons of Katie Elder
514787,3,2004-03-12,10111,1965,Sons of Katie Elder
758052,3,2004-01-23,10111,1965,Sons of Katie Elder
1677064,4,2005-02-28,10111,1965,Sons of Katie Elder
2452906,5,2003-06-17,10111,1965,Sons of Katie Elder
62753,3,2004-08-13,10111,1965,Sons of Katie Elder
2555117,4,2004-12-20,10111,1965,Sons of Katie Elder
1936110,3,2003-03-07,10111,1965,Sons of Katie Elder
2094877,5,2003-11-30,10111,1965,Sons of Katie Elder
1951157,5,2003-08-17,10111,1965,Sons of Katie Elder
2065164,3,2005-02-02,10111,1965,Sons of Katie Elder
1439770,3,2004-08-27,10111,1965,Sons of Katie Elder
2495474,5,2005-04-19,10111,1965,Sons of Katie Elder
1559840,4,2005-04-22,10111,1965,Sons of Katie Elder
805209,4,2005-02-23,10111,1965,Sons of Katie Elder
1723583,3,2005-03-03,10111,1965,Sons of Katie Elder
813424,3,2004-10-10,10111,1965,Sons of Katie Elder
1135948,5,2002-07-06,10111,1965,Sons of Katie Elder
275803,5,2005-03-23,10111,1965,Sons of Katie Elder
1604386,4,2005-03-29,10111,1965,Sons of Katie Elder
149575,5,2004-10-28,10111,1965,Sons of Katie Elder
1873315,5,2004-03-12,10111,1965,Sons of Katie Elder
934389,4,2005-08-12,10111,1965,Sons of Katie Elder
2608542,4,2005-03-23,10111,1965,Sons of Katie Elder
1303244,4,2005-08-14,10111,1965,Sons of Katie Elder
2191370,5,2004-10-08,10111,1965,Sons of Katie Elder
1494821,4,2004-10-21,10111,1965,Sons of Katie Elder
1852784,3,2004-12-22,10111,1965,Sons of Katie Elder
2278186,4,2001-11-22,10111,1965,Sons of Katie Elder
2012052,3,2004-02-18,10111,1965,Sons of Katie Elder
1225082,4,2005-09-27,10111,1965,Sons of Katie Elder
171185,4,2005-05-28,10111,1965,Sons of Katie Elder
2141312,4,2005-11-17,10111,1965,Sons of Katie Elder
1641753,4,2003-10-26,10111,1965,Sons of Katie Elder
202619,5,2003-10-21,10111,1965,Sons of Katie Elder
1018465,4,2004-05-14,10111,1965,Sons of Katie Elder
1526640,3,2004-12-06,10111,1965,Sons of Katie Elder
424418,4,2004-12-13,10111,1965,Sons of Katie Elder
1579906,3,2005-01-28,10111,1965,Sons of Katie Elder
25049,1,2004-04-21,10111,1965,Sons of Katie Elder
1065687,3,2005-01-19,10111,1965,Sons of Katie Elder
1801452,1,2005-02-23,10111,1965,Sons of Katie Elder
2343409,4,2003-12-09,10111,1965,Sons of Katie Elder
184888,3,2002-05-18,10111,1965,Sons of Katie Elder
693527,2,2005-01-31,10111,1965,Sons of Katie Elder
230252,3,2005-03-21,10111,1965,Sons of Katie Elder
2109093,4,2003-10-17,10111,1965,Sons of Katie Elder
2425662,1,2004-11-08,10111,1965,Sons of Katie Elder
1983528,2,2004-01-19,10111,1965,Sons of Katie Elder
1191455,5,2005-04-25,10111,1965,Sons of Katie Elder
1583078,3,2004-02-24,10111,1965,Sons of Katie Elder
2553056,4,2003-01-14,10111,1965,Sons of Katie Elder
2139217,3,2004-11-08,10111,1965,Sons of Katie Elder
430373,3,2005-04-01,10111,1965,Sons of Katie Elder
1778955,5,2005-03-04,10111,1965,Sons of Katie Elder
680045,5,2004-01-21,10111,1965,Sons of Katie Elder
1278249,3,2005-07-14,10111,1965,Sons of Katie Elder
1312066,3,2005-05-25,10111,1965,Sons of Katie Elder
220944,5,2004-02-10,10111,1965,Sons of Katie Elder
901269,3,2002-08-29,10111,1965,Sons of Katie Elder
314656,5,2003-08-27,10111,1965,Sons of Katie Elder
2127108,3,2005-01-23,10111,1965,Sons of Katie Elder
521074,4,2005-07-21,10111,1965,Sons of Katie Elder
1742931,2,2003-12-05,10111,1965,Sons of Katie Elder
2642403,5,2004-08-13,10111,1965,Sons of Katie Elder
1674496,4,2004-03-09,10111,1965,Sons of Katie Elder
1175759,3,2005-01-19,10111,1965,Sons of Katie Elder
1534444,2,2004-01-19,10111,1965,Sons of Katie Elder
1945863,3,2004-10-26,10111,1965,Sons of Katie Elder
1137851,5,2004-09-23,10111,1965,Sons of Katie Elder
1383426,4,2005-09-26,10111,1965,Sons of Katie Elder
1676752,5,2005-06-13,10111,1965,Sons of Katie Elder
1122711,3,2004-07-05,10111,1965,Sons of Katie Elder
2446249,3,2004-09-22,10111,1965,Sons of Katie Elder
2330519,4,2005-02-12,10111,1965,Sons of Katie Elder
1181649,3,2004-01-16,10111,1965,Sons of Katie Elder
1832243,3,2004-11-11,10111,1965,Sons of Katie Elder
2315012,1,2004-02-16,10111,1965,Sons of Katie Elder
2179375,3,2005-05-14,10111,1965,Sons of Katie Elder
1418126,4,2005-11-11,10111,1965,Sons of Katie Elder
1642316,4,2004-11-04,10111,1965,Sons of Katie Elder
648238,3,2005-07-24,10111,1965,Sons of Katie Elder
2598477,3,2004-08-23,10111,1965,Sons of Katie Elder
1581747,4,2005-10-19,10111,1965,Sons of Katie Elder
885386,5,2004-10-13,10111,1965,Sons of Katie Elder
1547747,5,2004-06-24,10111,1965,Sons of Katie Elder
2267335,2,2003-12-18,10111,1965,Sons of Katie Elder
1416190,5,2005-07-08,10111,1965,Sons of Katie Elder
2067423,5,2005-01-19,10111,1965,Sons of Katie Elder
1513103,4,2005-02-25,10111,1965,Sons of Katie Elder
708047,3,2005-07-01,10111,1965,Sons of Katie Elder
580680,3,2005-07-25,10111,1965,Sons of Katie Elder
1044034,3,2004-11-20,10111,1965,Sons of Katie Elder
472734,5,2005-01-24,10111,1965,Sons of Katie Elder
1925605,5,2004-08-18,10111,1965,Sons of Katie Elder
1105686,5,2004-12-31,10111,1965,Sons of Katie Elder
754161,5,2005-06-12,10111,1965,Sons of Katie Elder
867800,5,2004-05-07,10111,1965,Sons of Katie Elder
121229,3,2004-09-12,10111,1965,Sons of Katie Elder
1696358,3,2004-01-15,10111,1965,Sons of Katie Elder
1267805,3,2002-05-20,10111,1965,Sons of Katie Elder
1719592,4,2005-11-26,10111,1965,Sons of Katie Elder
510103,4,2001-11-01,10111,1965,Sons of Katie Elder
862252,4,2005-06-04,10111,1965,Sons of Katie Elder
1352912,1,2004-08-13,10111,1965,Sons of Katie Elder
1918750,3,2004-06-25,10111,1965,Sons of Katie Elder
2361556,4,2004-09-07,10111,1965,Sons of Katie Elder
2198123,5,2005-03-21,10111,1965,Sons of Katie Elder
459468,5,2004-08-04,10111,1965,Sons of Katie Elder
326502,5,2005-02-27,10111,1965,Sons of Katie Elder
1440251,5,2004-08-23,10111,1965,Sons of Katie Elder
1790903,4,2004-03-05,10111,1965,Sons of Katie Elder
1940143,4,2004-08-10,10111,1965,Sons of Katie Elder
2269100,4,2005-10-01,10111,1965,Sons of Katie Elder
1112565,4,2004-08-24,10111,1965,Sons of Katie Elder
586517,3,2004-11-03,10111,1965,Sons of Katie Elder
350009,5,2005-01-30,10111,1965,Sons of Katie Elder
517188,3,2004-10-18,10111,1965,Sons of Katie Elder
510438,4,2002-12-24,10111,1965,Sons of Katie Elder
1866164,4,2005-10-24,10111,1965,Sons of Katie Elder
335938,4,2003-01-26,10111,1965,Sons of Katie Elder
1863499,3,2003-11-09,10403,1993,Amos & Andrew
683427,3,2003-12-14,10403,1993,Amos & Andrew
2509293,1,2003-12-29,10403,1993,Amos & Andrew
152583,3,2004-05-11,10403,1993,Amos & Andrew
2270275,3,2005-05-14,10403,1993,Amos & Andrew
290916,3,2003-08-22,10403,1993,Amos & Andrew
2043109,1,2005-10-14,10403,1993,Amos & Andrew
1161725,5,2001-12-05,10403,1993,Amos & Andrew
2127755,2,2004-03-18,10403,1993,Amos & Andrew
2501391,1,2005-05-16,10403,1993,Amos & Andrew
2251582,1,2004-04-27,10403,1993,Amos & Andrew
1080197,1,2003-09-07,10403,1993,Amos & Andrew
1997103,2,2003-09-04,10403,1993,Amos & Andrew
1145956,2,2005-08-17,10403,1993,Amos & Andrew
1874239,4,2003-07-29,10403,1993,Amos & Andrew
454519,3,2005-06-14,10403,1993,Amos & Andrew
2184619,3,2005-11-30,10403,1993,Amos & Andrew
755320,3,2003-12-02,10403,1993,Amos & Andrew
731133,4,2005-03-29,10403,1993,Amos & Andrew
1734270,2,2002-06-19,10403,1993,Amos & Andrew
1194759,3,2004-11-05,10403,1993,Amos & Andrew
940917,3,2005-08-21,10403,1993,Amos & Andrew
1575065,3,2005-02-08,10403,1993,Amos & Andrew
1410683,2,2003-12-14,10403,1993,Amos & Andrew
1193468,4,2003-11-12,10403,1993,Amos & Andrew
1514886,1,2005-11-30,10403,1993,Amos & Andrew
780532,2,2002-04-18,10403,1993,Amos & Andrew
1486636,3,2003-06-08,10403,1993,Amos & Andrew
1571609,4,2003-08-21,10403,1993,Amos & Andrew
1939029,1,2003-09-01,10403,1993,Amos & Andrew
514787,3,2004-03-12,10403,1993,Amos & Andrew
1401233,4,2004-10-07,10403,1993,Amos & Andrew
1505821,2,2003-12-02,10403,1993,Amos & Andrew
2413875,3,2005-02-28,10403,1993,Amos & Andrew
541376,3,2002-05-23,10403,1993,Amos & Andrew
2094877,3,2003-10-02,10403,1993,Amos & Andrew
881355,2,2003-04-27,10403,1993,Amos & Andrew
101564,2,2005-10-18,10403,1993,Amos & Andrew
2495474,3,2005-07-25,10403,1993,Amos & Andrew
1135948,3,2002-07-07,10403,1993,Amos & Andrew
149575,5,2004-10-28,10403,1993,Amos & Andrew
2278186,3,2003-08-23,10403,1993,Amos & Andrew
18907,3,2004-02-10,10403,1993,Amos & Andrew
60706,2,2003-11-24,10403,1993,Amos & Andrew
1018465,3,2004-05-18,10403,1993,Amos & Andrew
1975589,3,2004-01-15,10403,1993,Amos & Andrew
1642678,3,2005-09-05,10403,1993,Amos & Andrew
1142380,3,2005-10-21,10403,1993,Amos & Andrew
877394,1,2003-10-29,10403,1993,Amos & Andrew
2059197,4,2005-02-16,10403,1993,Amos & Andrew
25049,1,2004-05-10,10403,1993,Amos & Andrew
200734,4,2004-12-11,10403,1993,Amos & Andrew
320939,3,2003-10-06,10403,1993,Amos & Andrew
1663717,2,2003-07-28,10403,1993,Amos & Andrew
1778955,1,2005-03-04,10403,1993,Amos & Andrew
1312066,1,2003-11-19,10403,1993,Amos & Andrew
2464456,3,2004-03-13,10403,1993,Amos & Andrew
2102846,3,2005-09-18,10403,1993,Amos & Andrew
1480900,3,2002-09-21,10403,1993,Amos & Andrew
876783,3,2005-01-25,10403,1993,Amos & Andrew
767904,4,2003-08-21,10403,1993,Amos & Andrew
685687,2,2003-12-03,10403,1993,Amos & Andrew
272280,1,2003-10-26,10403,1993,Amos & Andrew
2167703,3,2004-01-15,10403,1993,Amos & Andrew
1137851,4,2004-01-18,10403,1993,Amos & Andrew
1845071,4,2005-03-05,10403,1993,Amos & Andrew
1596469,2,2005-03-15,10403,1993,Amos & Andrew
1249922,3,2003-11-06,10403,1993,Amos & Andrew
1181649,1,2004-01-16,10403,1993,Amos & Andrew
2315012,1,2005-07-14,10403,1993,Amos & Andrew
460500,2,2003-08-17,10403,1993,Amos & Andrew
1528122,3,2004-04-18,10403,1993,Amos & Andrew
10679,3,2005-08-19,10403,1993,Amos & Andrew
2535512,2,2004-12-08,10403,1993,Amos & Andrew
1756840,3,2003-09-28,10403,1993,Amos & Andrew
1722054,5,2003-08-26,10403,1993,Amos & Andrew
2518678,1,2003-11-02,10403,1993,Amos & Andrew
2274850,1,2004-01-01,10403,1993,Amos & Andrew
1807774,3,2003-10-02,10403,1993,Amos & Andrew
1302968,2,2005-01-24,10403,1993,Amos & Andrew
1105686,4,2005-01-10,10403,1993,Amos & Andrew
1696358,3,2003-12-01,10403,1993,Amos & Andrew
1654721,4,2005-06-13,10403,1993,Amos & Andrew
2328701,4,2005-06-30,10403,1993,Amos & Andrew
1719592,4,2005-11-11,10403,1993,Amos & Andrew
983674,3,2004-08-27,10403,1993,Amos & Andrew
841955,3,2004-06-12,10403,1993,Amos & Andrew
1918750,2,2004-02-08,10403,1993,Amos & Andrew
2325040,3,2005-04-15,10403,1993,Amos & Andrew
2269100,4,2005-10-04,10403,1993,Amos & Andrew
702103,3,2004-02-05,10403,1993,Amos & Andrew
705603,5,2003-08-31,10903,1993,Mystery Science Theater 3000: The Brain That Wouldn't Die
767816,3,2004-08-11,10903,1993,Mystery Science Theater 3000: The Brain That Wouldn't Die
2242958,4,2003-08-16,10903,1993,Mystery Science Theater 3000: The Brain That Wouldn't Die
1123641,1,2003-06-12,10903,1993,Mystery Science Theater 3000: The Brain That Wouldn't Die
125296,2,2005-02-22,10903,1993,Mystery Science Theater 3000: The Brain That Wouldn't Die
1161725,5,2005-10-19,10903,1993,Mystery Science Theater 3000: The Brain That Wouldn't Die
1489566,3,2004-02-07,10903,1993,Mystery Science Theater 3000: The Brain That Wouldn't Die
2599606,4,2005-01-31,10903,1993,Mystery Science Theater 3000: The Brain That Wouldn't Die
2501391,5,2005-06-17,10903,1993,Mystery Science Theater 3000: The Brain That Wouldn't Die
40563,3,2005-08-13,10903,1993,Mystery Science Theater 3000: The Brain That Wouldn't Die
2184619,3,2005-10-07,10903,1993,Mystery Science Theater 3000: The Brain That Wouldn't Die
731133,2,2005-03-23,10903,1993,Mystery Science Theater 3000: The Brain That Wouldn't Die
1430920,4,2004-10-22,10903,1993,Mystery Science Theater 3000: The Brain That Wouldn't Die
191666,5,2005-06-10,10903,1993,Mystery Science Theater 3000: The Brain That Wouldn't Die
887893,3,2005-04-15,10903,1993,Mystery Science Theater 3000: The Brain That Wouldn't Die
522520,5,2004-05-01,10903,1993,Mystery Science Theater 3000: The Brain That Wouldn't Die
479898,4,2004-09-10,10903,1993,Mystery Science Theater 3000: The Brain That Wouldn't Die
2482831,2,2004-12-01,10903,1993,Mystery Science Theater 3000: The Brain That Wouldn't Die
706832,3,2004-03-24,10903,1993,Mystery Science Theater 3000: The Brain That Wouldn't Die
1695600,4,2005-04-07,10903,1993,Mystery Science Theater 3000: The Brain That Wouldn't Die
1375430,3,2004-07-16,10903,1993,Mystery Science Theater 3000: The Brain That Wouldn't Die
1793530,3,2003-11-10,10903,1993,Mystery Science Theater 3000: The Brain That Wouldn't Die
1401233,1,2003-10-31,10903,1993,Mystery Science Theater 3000: The Brain That Wouldn't Die
1161256,5,2005-07-06,10903,1993,Mystery Science Theater 3000: The Brain That Wouldn't Die
541376,3,2003-07-29,10903,1993,Mystery Science Theater 3000: The Brain That Wouldn't Die
2094877,2,2004-10-29,10903,1993,Mystery Science Theater 3000: The Brain That Wouldn't Die
2580917,4,2005-05-24,10903,1993,Mystery Science Theater 3000: The Brain That Wouldn't Die
2261989,4,2005-05-26,10903,1993,Mystery Science Theater 3000: The Brain That Wouldn't Die
2555262,4,2004-07-05,10903,1993,Mystery Science Theater 3000: The Brain That Wouldn't Die
136030,4,2005-01-19,10903,1993,Mystery Science Theater 3000: The Brain That Wouldn't Die
9557,3,2004-04-16,10903,1993,Mystery Science Theater 3000: The Brain That Wouldn't Die
1115828,5,2004-10-04,10903,1993,Mystery Science Theater 3000: The Brain That Wouldn't Die
109285,3,2003-09-06,10903,1993,Mystery Science Theater 3000: The Brain That Wouldn't Die
1778955,1,2005-03-04,10903,1993,Mystery Science Theater 3000: The Brain That Wouldn't Die
1278249,5,2005-07-14,10903,1993,Mystery Science Theater 3000: The Brain That Wouldn't Die
1987190,4,2003-05-14,10903,1993,Mystery Science Theater 3000: The Brain That Wouldn't Die
1022711,5,2005-01-02,10903,1993,Mystery Science Theater 3000: The Brain That Wouldn't Die
768710,4,2005-09-22,10903,1993,Mystery Science Theater 3000: The Brain That Wouldn't Die
1988375,2,2004-04-21,10903,1993,Mystery Science Theater 3000: The Brain That Wouldn't Die
2204299,4,2005-06-06,10903,1993,Mystery Science Theater 3000: The Brain That Wouldn't Die
403446,3,2005-03-25,10903,1993,Mystery Science Theater 3000: The Brain That Wouldn't Die
1580943,4,2004-07-19,10903,1993,Mystery Science Theater 3000: The Brain That Wouldn't Die
2642403,4,2004-04-21,10903,1993,Mystery Science Theater 3000: The Brain That Wouldn't Die
685687,1,2003-06-24,10903,1993,Mystery Science Theater 3000: The Brain That Wouldn't Die
2138831,5,2003-06-07,10903,1993,Mystery Science Theater 3000: The Brain That Wouldn't Die
1476852,4,2004-03-19,10903,1993,Mystery Science Theater 3000: The Brain That Wouldn't Die
1537383,4,2003-09-30,10903,1993,Mystery Science Theater 3000: The Brain That Wouldn't Die
2185643,4,2004-07-24,10903,1993,Mystery Science Theater 3000: The Brain That Wouldn't Die
49718,5,2004-10-23,10903,1993,Mystery Science Theater 3000: The Brain That Wouldn't Die
2446249,3,2005-02-06,10903,1993,Mystery Science Theater 3000: The Brain That Wouldn't Die
1756840,5,2003-12-14,10903,1993,Mystery Science Theater 3000: The Brain That Wouldn't Die
2518678,4,2003-10-02,10903,1993,Mystery Science Theater 3000: The Brain That Wouldn't Die
1547173,5,2004-03-22,10903,1993,Mystery Science Theater 3000: The Brain That Wouldn't Die
305466,5,2005-06-28,10903,1993,Mystery Science Theater 3000: The Brain That Wouldn't Die
1266990,4,2004-12-23,10903,1993,Mystery Science Theater 3000: The Brain That Wouldn't Die
437239,3,2003-02-12,10903,1993,Mystery Science Theater 3000: The Brain That Wouldn't Die
718894,4,2004-01-06,10903,1993,Mystery Science Theater 3000: The Brain That Wouldn't Die
209494,5,2004-01-18,10903,1993,Mystery Science Theater 3000: The Brain That Wouldn't Die
1626347,3,2004-01-09,10903,1993,Mystery Science Theater 3000: The Brain That Wouldn't Die
728941,5,2005-07-15,10903,1993,Mystery Science Theater 3000: The Brain That Wouldn't Die
611573,5,2005-08-10,10903,1993,Mystery Science Theater 3000: The Brain That Wouldn't Die
716091,4,2003-10-02,12031,2002,Scotland
771345,4,2005-12-07,12031,2002,Scotland
1162007,4,2003-08-07,12031,2002,Scotland
1192830,1,2003-06-01,12031,2002,Scotland
1863499,2,2003-10-29,12031,2002,Scotland
2213550,4,2004-04-30,12031,2002,Scotland
1393236,2,2004-09-25,12031,2002,Scotland
1810235,4,2005-09-11,12031,2002,Scotland
1620735,3,2005-11-21,12031,2002,Scotland
683427,3,2003-12-05,12031,2002,Scotland
2414149,5,2003-11-11,12031,2002,Scotland
1123641,3,2003-01-11,12031,2002,Scotland
2270275,4,2005-11-09,12031,2002,Scotland
2199415,3,2005-05-25,12031,2002,Scotland
2043109,2,2005-10-17,12031,2002,Scotland
2468881,3,2004-06-29,12031,2002,Scotland
1055705,3,2004-07-22,12031,2002,Scotland
1277996,3,2005-01-10,12031,2002,Scotland
778615,2,2002-12-18,12031,2002,Scotland
1874239,2,2002-11-21,12031,2002,Scotland
486255,1,2005-09-29,12031,2002,Scotland
1498401,2,2005-12-08,12031,2002,Scotland
1930587,1,2005-08-31,12031,2002,Scotland
2205734,4,2004-06-25,12031,2002,Scotland
1648404,4,2004-12-27,12031,2002,Scotland
2601604,2,2003-04-03,12031,2002,Scotland
1486636,3,2003-05-19,12031,2002,Scotland
1707271,3,2004-09-12,12031,2002,Scotland
252054,3,2003-04-04,12031,2002,Scotland
706832,4,2003-09-10,12031,2002,Scotland
240869,2,2002-12-05,12031,2002,Scotland
1571609,4,2003-08-21,12031,2002,Scotland
1755138,2,2004-08-17,12031,2002,Scotland
428750,5,2003-07-15,12031,2002,Scotland
1939029,3,2005-01-03,12031,2002,Scotland
1131759,2,2004-10-26,12031,2002,Scotland
1677064,3,2005-03-08,12031,2002,Scotland
1793530,3,2002-11-10,12031,2002,Scotland
62753,2,2004-09-07,12031,2002,Scotland
1505821,4,2003-07-15,12031,2002,Scotland
881355,4,2004-01-07,12031,2002,Scotland
2568738,3,2005-10-02,12031,2002,Scotland
2261989,4,2004-11-20,12031,2002,Scotland
965095,3,2004-12-30,12031,2002,Scotland
662832,2,2003-07-04,12031,2002,Scotland
403620,4,2004-07-01,12031,2002,Scotland
2555262,5,2004-10-16,12031,2002,Scotland
136030,3,2005-01-19,12031,2002,Scotland
467083,2,2003-04-17,12031,2002,Scotland
1579906,3,2004-07-22,12031,2002,Scotland
2000,3,2004-05-05,12031,2002,Scotland
693527,3,2005-01-08,12031,2002,Scotland
200734,5,2004-12-11,12031,2002,Scotland
2109093,3,2004-03-15,12031,2002,Scotland
750677,3,2004-03-01,12031,2002,Scotland
1579483,5,2004-06-11,12031,2002,Scotland
532439,4,2004-08-23,12031,2002,Scotland
1865396,3,2002-11-11,12031,2002,Scotland
1739440,1,2003-01-25,12031,2002,Scotland
1663717,2,2003-06-24,12031,2002,Scotland
1778955,3,2005-03-04,12031,2002,Scotland
2224272,4,2005-02-02,12031,2002,Scotland
1278249,4,2005-08-11,12031,2002,Scotland
2464456,3,2002-12-23,12031,2002,Scotland
2427965,3,2005-08-17,12031,2002,Scotland
715339,2,2002-12-17,12031,2002,Scotland
85824,3,2005-04-03,12031,2002,Scotland
2102846,2,2005-09-16,12031,2002,Scotland
768710,5,2005-05-05,12031,2002,Scotland
2204299,3,2005-08-02,12031,2002,Scotland
1753194,3,2002-12-07,12031,2002,Scotland
1357531,3,2003-01-07,12031,2002,Scotland
1742931,4,2003-12-21,12031,2002,Scotland
767904,1,2003-05-04,12031,2002,Scotland
2138831,1,2003-01-04,12031,2002,Scotland
487236,3,2004-08-18,12031,2002,Scotland
335178,3,2004-12-29,12031,2002,Scotland
272280,2,2003-11-25,12031,2002,Scotland
1095497,3,2005-05-12,12031,2002,Scotland
2167703,4,2004-01-21,12031,2002,Scotland
1845071,3,2004-08-21,12031,2002,Scotland
1596469,3,2005-05-23,12031,2002,Scotland
1649068,5,2005-01-11,12031,2002,Scotland
1288346,3,2003-02-27,12031,2002,Scotland
49718,5,2004-12-28,12031,2002,Scotland
1878057,2,2004-10-27,12031,2002,Scotland
2216322,4,2004-04-24,12031,2002,Scotland
2179375,3,2005-09-24,12031,2002,Scotland
1565175,1,2004-12-23,12031,2002,Scotland
1889646,4,2003-07-31,12031,2002,Scotland
2357527,5,2004-09-01,12031,2002,Scotland
2126215,1,2004-07-22,12031,2002,Scotland
1528122,3,2004-04-15,12031,2002,Scotland
460500,3,2005-11-10,12031,2002,Scotland
885386,3,2004-10-19,12031,2002,Scotland
2119190,4,2005-04-26,12031,2002,Scotland
2535512,4,2004-10-18,12031,2002,Scotland
1524307,3,2003-01-10,12031,2002,Scotland
2518678,5,2003-08-08,12031,2002,Scotland
2525782,2,2004-12-15,12031,2002,Scotland
305466,3,2005-06-28,12031,2002,Scotland
933207,4,2004-03-26,12031,2002,Scotland
1044034,1,2005-02-03,12031,2002,Scotland
223488,2,2005-05-22,12031,2002,Scotland
1565425,1,2005-08-02,12031,2002,Scotland
2296816,4,2005-01-19,12031,2002,Scotland
540807,3,2003-06-26,12031,2002,Scotland
841955,4,2005-01-09,12031,2002,Scotland
2613654,3,2004-04-04,12031,2002,Scotland
267107,5,2005-05-09,12031,2002,Scotland
371701,2,2005-04-06,12031,2002,Scotland
2361556,2,2004-08-06,12031,2002,Scotland
1370511,4,2004-08-29,12031,2002,Scotland
1112365,3,2004-07-06,12031,2002,Scotland
105421,2,2004-10-28,12031,2002,Scotland
2246923,3,2005-10-19,12031,2002,Scotland
1983863,4,2005-07-20,12031,2002,Scotland
962944,3,2003-08-28,12031,2002,Scotland
716091,4,2004-12-02,12942,1962,Sanjuro
2482518,4,2005-06-08,12942,1962,Sanjuro
2242958,4,2003-08-16,12942,1962,Sanjuro
1222878,5,2004-11-19,12942,1962,Sanjuro
29000,4,2004-05-03,12942,1962,Sanjuro
2468881,3,2005-02-01,12942,1962,Sanjuro
1489566,4,2004-04-11,12942,1962,Sanjuro
2599606,4,2005-02-07,12942,1962,Sanjuro
223407,4,2004-12-09,12942,1962,Sanjuro
1035499,5,2004-11-28,12942,1962,Sanjuro
870045,4,2004-11-24,12942,1962,Sanjuro
1327753,5,2005-08-30,12942,1962,Sanjuro
1596982,4,2001-03-05,12942,1962,Sanjuro
1927703,5,2004-01-14,12942,1962,Sanjuro
1866424,4,2004-09-02,12942,1962,Sanjuro
1429854,5,2004-09-28,12942,1962,Sanjuro
1575065,4,2004-06-11,12942,1962,Sanjuro
497052,4,2005-11-17,12942,1962,Sanjuro
1965252,3,2005-08-16,12942,1962,Sanjuro
1514886,4,2005-09-01,12942,1962,Sanjuro
1193468,4,2003-11-12,12942,1962,Sanjuro
1847693,5,2003-07-29,12942,1962,Sanjuro
1457830,3,2005-01-26,12942,1962,Sanjuro
428750,5,2003-07-24,12942,1962,Sanjuro
1939029,5,2004-09-20,12942,1962,Sanjuro
148371,3,2000-02-14,12942,1962,Sanjuro
1483251,5,2004-06-22,12942,1962,Sanjuro
2496561,5,2003-01-24,12942,1962,Sanjuro
2094877,1,2004-10-29,12942,1962,Sanjuro
1439770,4,2004-03-08,12942,1962,Sanjuro
597164,5,2005-09-27,12942,1962,Sanjuro
2568738,4,2004-12-13,12942,1962,Sanjuro
2408123,1,2003-06-30,12942,1962,Sanjuro
813424,5,2005-03-06,12942,1962,Sanjuro
2555262,5,2003-03-26,12942,1962,Sanjuro
60706,5,2000-08-23,12942,1962,Sanjuro
1973114,3,2004-08-28,12942,1962,Sanjuro
1975589,4,2003-12-04,12942,1962,Sanjuro
1661702,3,2004-03-30,12942,1962,Sanjuro
790459,5,2003-12-10,12942,1962,Sanjuro
1142380,4,2005-10-17,12942,1962,Sanjuro
424418,3,2004-11-08,12942,1962,Sanjuro
158266,4,2005-03-26,12942,1962,Sanjuro
1278338,3,2005-11-04,12942,1962,Sanjuro
1127876,4,2003-12-12,12942,1962,Sanjuro
1865396,4,2000-01-21,12942,1962,Sanjuro
177104,5,2004-09-08,12942,1962,Sanjuro
1778955,1,2005-03-04,12942,1962,Sanjuro
451702,4,2005-04-11,12942,1962,Sanjuro
1766693,5,2004-08-23,12942,1962,Sanjuro
1777163,5,2000-02-05,12942,1962,Sanjuro
487236,4,2004-05-24,12942,1962,Sanjuro
1095497,4,2005-05-12,12942,1962,Sanjuro
1537383,5,2003-08-11,12942,1962,Sanjuro
1418126,4,2005-01-27,12942,1962,Sanjuro
1946584,5,2005-02-04,12942,1962,Sanjuro
2179375,3,2005-05-12,12942,1962,Sanjuro
1581747,4,2005-10-29,12942,1962,Sanjuro
1000634,5,2003-08-19,12942,1962,Sanjuro
2525782,5,2004-04-14,12942,1962,Sanjuro
933207,5,2004-05-11,12942,1962,Sanjuro
617535,4,2005-05-08,12942,1962,Sanjuro
1925605,1,2003-07-07,12942,1962,Sanjuro
1565425,5,2004-04-07,12942,1962,Sanjuro
617493,4,2005-04-26,12942,1962,Sanjuro
2296816,4,2005-01-19,12942,1962,Sanjuro
1437372,3,2005-06-14,12942,1962,Sanjuro
1922996,4,2004-12-11,12942,1962,Sanjuro
718894,4,2004-01-28,12942,1962,Sanjuro
2292909,4,2005-07-11,12942,1962,Sanjuro
191869,4,2003-08-13,12942,1962,Sanjuro
2583029,5,2004-11-29,12942,1962,Sanjuro
1370511,4,2004-11-10,12942,1962,Sanjuro
1797765,4,2005-07-16,12942,1962,Sanjuro
1626347,5,2004-03-15,12942,1962,Sanjuro
2246923,4,2004-01-12,12942,1962,Sanjuro
1112565,4,2003-11-18,12942,1962,Sanjuro
2591364,2,2003-11-16,12942,1962,Sanjuro
962944,4,2004-11-19,12942,1962,Sanjuro
1379923,3,2004-01-31,14146,1996,The Chamber
705603,4,2003-09-29,14146,1996,The Chamber
767816,4,2004-02-12,14146,1996,The Chamber
1863499,4,2003-11-09,14146,1996,The Chamber
2213550,4,2004-03-28,14146,1996,The Chamber
928691,4,2004-03-03,14146,1996,The Chamber
958125,4,2004-03-25,14146,1996,The Chamber
2536720,3,2003-01-08,14146,1996,The Chamber
1123641,3,2004-05-25,14146,1996,The Chamber
29000,2,2004-05-03,14146,1996,The Chamber
2243703,3,2004-04-24,14146,1996,The Chamber
152583,3,2004-04-13,14146,1996,The Chamber
266320,3,2004-06-04,14146,1996,The Chamber
405837,2,2005-05-27,14146,1996,The Chamber
290916,4,2005-07-07,14146,1996,The Chamber
2199415,2,2004-06-23,14146,1996,The Chamber
1716677,4,2003-08-20,14146,1996,The Chamber
326567,3,2004-07-05,14146,1996,The Chamber
2178153,5,2004-12-04,14146,1996,The Chamber
1620201,3,2002-05-29,14146,1996,The Chamber
1997103,4,2003-12-25,14146,1996,The Chamber
746419,3,2005-07-05,14146,1996,The Chamber
778615,2,2003-08-22,14146,1996,The Chamber
1874239,4,2002-12-24,14146,1996,The Chamber
486255,4,2004-04-11,14146,1996,The Chamber
493587,3,2004-10-05,14146,1996,The Chamber
454519,3,2005-06-19,14146,1996,The Chamber
1532433,2,2002-11-21,14146,1996,The Chamber
1912002,3,2005-09-18,14146,1996,The Chamber
539044,4,2005-07-08,14146,1996,The Chamber
862850,3,2001-11-17,14146,1996,The Chamber
1194759,3,2004-11-03,14146,1996,The Chamber
1219833,5,2005-01-26,14146,1996,The Chamber
2435350,3,2005-08-24,14146,1996,The Chamber
343555,4,2004-10-11,14146,1996,The Chamber
681107,3,2004-10-23,14146,1996,The Chamber
2512828,2,2004-03-06,14146,1996,The Chamber
2530071,3,2004-05-17,14146,1996,The Chamber
706832,3,2001-08-30,14146,1996,The Chamber
514787,3,2004-03-12,14146,1996,The Chamber
2341962,5,2005-02-07,14146,1996,The Chamber
965104,3,2004-05-20,14146,1996,The Chamber
1815588,2,2004-09-08,14146,1996,The Chamber
2452906,4,2003-05-13,14146,1996,The Chamber
62753,3,2004-12-23,14146,1996,The Chamber
148371,3,2001-11-06,14146,1996,The Chamber
1505821,3,2002-05-27,14146,1996,The Chamber
1936110,3,2003-03-03,14146,1996,The Chamber
2495474,4,2005-06-15,14146,1996,The Chamber
1161915,3,2001-07-15,14146,1996,The Chamber
1873315,3,2003-12-20,14146,1996,The Chamber
2191370,4,2004-10-08,14146,1996,The Chamber
771809,3,2004-06-14,14146,1996,The Chamber
1494821,3,2004-07-11,14146,1996,The Chamber
2012052,3,2004-05-01,14146,1996,The Chamber
1225082,3,2005-09-27,14146,1996,The Chamber
2141312,3,2005-08-10,14146,1996,The Chamber
171185,5,2005-09-08,14146,1996,The Chamber
1726438,4,2003-02-13,14146,1996,The Chamber
1142380,3,2005-10-22,14146,1996,The Chamber
332300,3,2004-07-13,14146,1996,The Chamber
25049,1,2004-05-19,14146,1996,The Chamber
1065687,3,2005-01-19,14146,1996,The Chamber
2000,3,2004-05-06,14146,1996,The Chamber
2343409,3,2003-08-26,14146,1996,The Chamber
184888,3,2002-05-18,14146,1996,The Chamber
2109093,3,2005-05-24,14146,1996,The Chamber
2011043,4,2003-02-13,14146,1996,The Chamber
1579483,3,2004-06-10,14146,1996,The Chamber
1191455,3,2005-04-25,14146,1996,The Chamber
1127876,3,2005-06-12,14146,1996,The Chamber
1583078,2,2004-02-24,14146,1996,The Chamber
166041,3,2005-06-20,14146,1996,The Chamber
762835,3,2004-05-12,14146,1996,The Chamber
2427965,3,2003-08-04,14146,1996,The Chamber
901269,2,2004-04-14,14146,1996,The Chamber
85824,2,2005-04-03,14146,1996,The Chamber
2176304,4,2003-10-25,14146,1996,The Chamber
1480900,3,2002-10-10,14146,1996,The Chamber
2126379,5,2004-03-23,14146,1996,The Chamber
1742931,3,2004-01-10,14146,1996,The Chamber
1580943,4,2004-05-03,14146,1996,The Chamber
1777163,2,2000-01-23,14146,1996,The Chamber
767904,4,2004-05-20,14146,1996,The Chamber
685687,4,2004-07-02,14146,1996,The Chamber
1534444,2,2004-01-19,14146,1996,The Chamber
1383426,4,2004-06-26,14146,1996,The Chamber
1845071,3,2005-02-07,14146,1996,The Chamber
761379,3,2002-05-14,14146,1996,The Chamber
1288346,3,2003-03-03,14146,1996,The Chamber
655111,4,2004-03-09,14146,1996,The Chamber
49718,2,2004-09-29,14146,1996,The Chamber
2446249,3,2005-10-14,14146,1996,The Chamber
1832243,3,2004-01-30,14146,1996,The Chamber
2315012,3,2005-05-16,14146,1996,The Chamber
1376627,4,2005-10-15,14146,1996,The Chamber
2126215,2,2004-03-02,14146,1996,The Chamber
2598477,4,2004-09-09,14146,1996,The Chamber
889674,4,2005-11-26,14146,1996,The Chamber
1524307,4,2003-06-28,14146,1996,The Chamber
2067423,4,2005-01-19,14146,1996,The Chamber
2274850,2,2005-09-27,14146,1996,The Chamber
933207,3,2004-03-26,14146,1996,The Chamber
472734,4,2005-03-11,14146,1996,The Chamber
2412372,3,2005-01-25,14146,1996,The Chamber
2648869,3,2005-06-08,14146,1996,The Chamber
1925605,4,2004-02-04,14146,1996,The Chamber
1302968,4,2005-01-19,14146,1996,The Chamber
352002,4,2004-07-20,14146,1996,The Chamber
867800,5,2004-05-13,14146,1996,The Chamber
1654721,4,2005-06-08,14146,1996,The Chamber
1267805,2,2002-05-20,14146,1996,The Chamber
2555055,4,2004-07-09,14146,1996,The Chamber
2328701,4,2004-06-03,14146,1996,The Chamber
510103,4,2002-04-14,14146,1996,The Chamber
1099833,3,2005-01-12,14146,1996,The Chamber
209494,4,2004-02-23,14146,1996,The Chamber
1918750,3,2004-06-25,14146,1996,The Chamber
2361556,3,2003-01-21,14146,1996,The Chamber
284823,3,2005-12-13,14146,1996,The Chamber
326502,4,2003-08-28,14146,1996,The Chamber
1112365,2,2004-11-11,14146,1996,The Chamber
1983863,3,2004-01-15,14146,1996,The Chamber
1866164,3,2005-10-12,14146,1996,The Chamber
1017144,4,2004-09-10,14146,1996,The Chamber
716091,3,2000-01-08,16365,1973,Jesus Christ Superstar
1663216,2,2004-06-08,16365,1973,Jesus Christ Superstar
767816,3,2004-07-12,16365,1973,Jesus Christ Superstar
2648502,3,2003-07-10,16365,1973,Jesus Christ Superstar
1192830,4,2004-01-04,16365,1973,Jesus Christ Superstar
2213550,4,2004-06-23,16365,1973,Jesus Christ Superstar
290916,4,2003-07-08,16365,1973,Jesus Christ Superstar
1135038,5,2001-09-08,16365,1973,Jesus Christ Superstar
2468881,3,2004-08-17,16365,1973,Jesus Christ Superstar
2599606,3,2005-02-09,16365,1973,Jesus Christ Superstar
2178153,4,2004-11-29,16365,1973,Jesus Christ Superstar
2251582,2,2004-07-19,16365,1973,Jesus Christ Superstar
1498401,5,2005-12-15,16365,1973,Jesus Christ Superstar
493587,3,2005-07-10,16365,1973,Jesus Christ Superstar
2601604,2,2002-06-24,16365,1973,Jesus Christ Superstar
1514886,2,2005-12-18,16365,1973,Jesus Christ Superstar
1516909,4,2004-04-26,16365,1973,Jesus Christ Superstar
2577397,3,2005-03-12,16365,1973,Jesus Christ Superstar
780532,5,2005-12-23,16365,1973,Jesus Christ Superstar
2603700,4,2001-05-12,16365,1973,Jesus Christ Superstar
479898,4,2005-02-27,16365,1973,Jesus Christ Superstar
510719,5,2005-11-18,16365,1973,Jesus Christ Superstar
2530071,4,2004-05-01,16365,1973,Jesus Christ Superstar
314635,4,2003-07-08,16365,1973,Jesus Christ Superstar
1375430,2,2004-07-16,16365,1973,Jesus Christ Superstar
1597736,3,2001-03-15,16365,1973,Jesus Christ Superstar
775794,3,2001-05-10,16365,1973,Jesus Christ Superstar
965104,2,2004-05-31,16365,1973,Jesus Christ Superstar
148371,3,2000-06-08,16365,1973,Jesus Christ Superstar
2627800,5,2001-01-27,16365,1973,Jesus Christ Superstar
1936110,3,2003-10-08,16365,1973,Jesus Christ Superstar
541376,2,2001-10-27,16365,1973,Jesus Christ Superstar
1123324,4,2004-11-11,16365,1973,Jesus Christ Superstar
805209,4,2004-12-01,16365,1973,Jesus Christ Superstar
2580917,1,2005-06-16,16365,1973,Jesus Christ Superstar
2621201,3,2001-10-05,16365,1973,Jesus Christ Superstar
662832,3,2004-07-19,16365,1973,Jesus Christ Superstar
1303244,3,2005-11-26,16365,1973,Jesus Christ Superstar
403620,5,2004-10-30,16365,1973,Jesus Christ Superstar
2104457,3,2004-06-03,16365,1973,Jesus Christ Superstar
9557,4,2004-04-14,16365,1973,Jesus Christ Superstar
1132764,3,2004-11-23,16365,1973,Jesus Christ Superstar
1526640,2,2005-02-17,16365,1973,Jesus Christ Superstar
1642678,3,2004-11-23,16365,1973,Jesus Christ Superstar
877394,1,2003-11-10,16365,1973,Jesus Christ Superstar
1065687,3,2005-01-20,16365,1973,Jesus Christ Superstar
1115828,3,2004-10-04,16365,1973,Jesus Christ Superstar
2239537,5,2005-05-05,16365,1973,Jesus Christ Superstar
2285967,3,2005-06-04,16365,1973,Jesus Christ Superstar
1236929,3,2004-08-05,16365,1973,Jesus Christ Superstar
1983528,1,2004-09-30,16365,1973,Jesus Christ Superstar
1663717,1,2003-03-03,16365,1973,Jesus Christ Superstar
1011202,4,2005-08-24,16365,1973,Jesus Christ Superstar
901269,3,2004-05-26,16365,1973,Jesus Christ Superstar
2127108,3,2005-01-30,16365,1973,Jesus Christ Superstar
1539884,1,2004-01-28,16365,1973,Jesus Christ Superstar
2204299,5,2005-06-06,16365,1973,Jesus Christ Superstar
1480900,3,2003-07-27,16365,1973,Jesus Christ Superstar
521074,3,2005-07-21,16365,1973,Jesus Christ Superstar
2126379,4,2004-05-16,16365,1973,Jesus Christ Superstar
1580943,4,2004-08-23,16365,1973,Jesus Christ Superstar
685687,4,2004-05-24,16365,1973,Jesus Christ Superstar
1674496,4,2001-05-17,16365,1973,Jesus Christ Superstar
1175759,4,2005-05-17,16365,1973,Jesus Christ Superstar
1676752,5,2005-06-13,16365,1973,Jesus Christ Superstar
1763740,3,2000-12-14,16365,1973,Jesus Christ Superstar
1649068,3,2005-01-03,16365,1973,Jesus Christ Superstar
1122711,4,2004-07-21,16365,1973,Jesus Christ Superstar
2014141,3,2004-05-31,16365,1973,Jesus Christ Superstar
619690,4,2004-11-08,16365,1973,Jesus Christ Superstar
1418126,4,2004-07-16,16365,1973,Jesus Christ Superstar
1642316,3,2004-11-27,16365,1973,Jesus Christ Superstar
2005241,5,2004-12-13,16365,1973,Jesus Christ Superstar
889674,3,2004-02-28,16365,1973,Jesus Christ Superstar
2119190,3,2005-01-02,16365,1973,Jesus Christ Superstar
1266990,5,2004-12-23,16365,1973,Jesus Christ Superstar
2412372,3,2004-08-25,16365,1973,Jesus Christ Superstar
472734,3,2005-01-24,16365,1973,Jesus Christ Superstar
617535,5,2005-01-31,16365,1973,Jesus Christ Superstar
947425,4,2004-05-18,16365,1973,Jesus Christ Superstar
352002,4,2004-07-20,16365,1973,Jesus Christ Superstar
1437372,3,2004-12-04,16365,1973,Jesus Christ Superstar
749139,4,2003-07-18,16365,1973,Jesus Christ Superstar
2555055,4,2004-05-21,16365,1973,Jesus Christ Superstar
2399157,4,2005-02-25,16365,1973,Jesus Christ Superstar
510103,4,2001-01-09,16365,1973,Jesus Christ Superstar
1099833,2,2005-02-19,16365,1973,Jesus Christ Superstar
862252,4,2002-03-06,16365,1973,Jesus Christ Superstar
191869,3,2001-01-09,16365,1973,Jesus Christ Superstar
2583029,3,2004-07-06,16365,1973,Jesus Christ Superstar
371701,1,2005-03-08,16365,1973,Jesus Christ Superstar
2198123,3,2005-06-13,16365,1973,Jesus Christ Superstar
459468,3,2005-02-17,16365,1973,Jesus Christ Superstar
1440251,1,2004-08-23,16365,1973,Jesus Christ Superstar
1112365,1,2004-11-11,16365,1973,Jesus Christ Superstar
701514,4,2005-03-09,16365,1973,Jesus Christ Superstar
728941,5,2005-06-15,16365,1973,Jesus Christ Superstar
350009,5,2005-11-22,16365,1973,Jesus Christ Superstar
1451923,3,2001-06-01,16365,1973,Jesus Christ Superstar
517188,3,2004-10-18,16365,1973,Jesus Christ Superstar
2087152,5,2004-07-12,16365,1973,Jesus Christ Superstar
1379923,3,2004-10-26,16676,1981,Wolfen
1162007,2,2004-01-04,16676,1981,Wolfen
705603,4,2003-08-19,16676,1981,Wolfen
2648502,3,2003-04-16,16676,1981,Wolfen
482592,4,2005-02-06,16676,1981,Wolfen
958125,4,2004-03-25,16676,1981,Wolfen
1163123,4,2003-11-19,16676,1981,Wolfen
2243703,3,2004-01-16,16676,1981,Wolfen
266320,2,2004-06-20,16676,1981,Wolfen
125296,4,2003-07-08,16676,1981,Wolfen
405837,3,2005-01-19,16676,1981,Wolfen
290916,3,2003-07-29,16676,1981,Wolfen
1135038,3,2004-07-04,16676,1981,Wolfen
1489566,3,2004-01-29,16676,1981,Wolfen
1080197,1,2003-09-07,16676,1981,Wolfen
1997103,2,2003-09-04,16676,1981,Wolfen
1635708,4,2005-12-29,16676,1981,Wolfen
493587,4,2004-10-05,16676,1981,Wolfen
1532433,4,2002-11-23,16676,1981,Wolfen
1912002,1,2005-09-18,16676,1981,Wolfen
539044,2,2005-07-22,16676,1981,Wolfen
1430920,3,2004-10-28,16676,1981,Wolfen
1219833,3,2005-01-26,16676,1981,Wolfen
2512828,1,2003-09-27,16676,1981,Wolfen
2530071,3,2004-05-17,16676,1981,Wolfen
1847693,1,2003-09-15,16676,1981,Wolfen
240869,2,2003-11-29,16676,1981,Wolfen
1571609,3,2003-08-21,16676,1981,Wolfen
1375430,4,2005-03-26,16676,1981,Wolfen
1131759,2,2003-11-13,16676,1981,Wolfen
2341962,5,2005-03-20,16676,1981,Wolfen
965104,2,2004-05-20,16676,1981,Wolfen
1815588,2,2004-12-29,16676,1981,Wolfen
1161256,3,2002-11-05,16676,1981,Wolfen
2627800,2,2002-09-16,16676,1981,Wolfen
1951157,5,2003-12-26,16676,1981,Wolfen
2065164,4,2005-01-10,16676,1981,Wolfen
805209,3,2005-02-28,16676,1981,Wolfen
965095,4,2003-10-10,16676,1981,Wolfen
2202057,4,2004-06-07,16676,1981,Wolfen
369756,3,2002-11-07,16676,1981,Wolfen
1852784,1,2005-02-14,16676,1981,Wolfen
1641753,4,2003-10-26,16676,1981,Wolfen
202619,4,2003-10-21,16676,1981,Wolfen
1726438,3,2002-09-11,16676,1981,Wolfen
324887,3,2002-10-08,16676,1981,Wolfen
1407936,3,2005-06-06,16676,1981,Wolfen
943538,3,2003-09-23,16676,1981,Wolfen
790459,3,2004-12-22,16676,1981,Wolfen
332300,2,2003-01-15,16676,1981,Wolfen
877394,4,2003-10-21,16676,1981,Wolfen
184888,4,2003-10-01,16676,1981,Wolfen
230252,4,2003-10-25,16676,1981,Wolfen
193303,2,2003-11-18,16676,1981,Wolfen
320939,3,2003-10-27,16676,1981,Wolfen
1583078,1,2003-09-24,16676,1981,Wolfen
532439,2,2003-10-25,16676,1981,Wolfen
109285,1,2003-09-05,16676,1981,Wolfen
166041,2,2005-12-07,16676,1981,Wolfen
1011202,4,2005-12-06,16676,1981,Wolfen
294112,2,2004-07-28,16676,1981,Wolfen
2204299,3,2005-06-21,16676,1981,Wolfen
403446,2,2005-09-07,16676,1981,Wolfen
1766693,4,2005-05-27,16676,1981,Wolfen
335178,3,2004-11-23,16676,1981,Wolfen
1777163,4,2005-01-21,16676,1981,Wolfen
272280,1,2003-10-14,16676,1981,Wolfen
1095497,4,2005-10-05,16676,1981,Wolfen
1945863,2,2005-11-11,16676,1981,Wolfen
1839542,2,2003-09-22,16676,1981,Wolfen
2115337,3,2004-02-09,16676,1981,Wolfen
655111,5,2004-01-07,16676,1981,Wolfen
1249922,3,2003-11-06,16676,1981,Wolfen
2005241,4,2005-08-16,16676,1981,Wolfen
1565175,4,2004-08-10,16676,1981,Wolfen
2126215,2,2004-01-19,16676,1981,Wolfen
490057,4,2002-10-04,16676,1981,Wolfen
889674,3,2005-04-05,16676,1981,Wolfen
2535512,3,2004-07-30,16676,1981,Wolfen
1722054,5,2003-08-26,16676,1981,Wolfen
1547747,3,2003-12-24,16676,1981,Wolfen
2274850,1,2004-01-01,16676,1981,Wolfen
1547173,2,2004-03-24,16676,1981,Wolfen
1807774,2,2003-10-02,16676,1981,Wolfen
1753963,4,2005-04-02,16676,1981,Wolfen
576751,4,2003-07-25,16676,1981,Wolfen
437239,2,2003-07-18,16676,1981,Wolfen
909926,4,2005-01-28,16676,1981,Wolfen
2292909,4,2004-01-14,16676,1981,Wolfen
983674,4,2005-05-02,16676,1981,Wolfen
1099833,3,2005-06-12,16676,1981,Wolfen
1352912,5,2005-03-09,16676,1981,Wolfen
326502,3,2003-09-30,16676,1981,Wolfen
2325040,2,2005-04-17,16676,1981,Wolfen
1790903,3,2004-03-04,16676,1981,Wolfen
702103,3,2004-01-19,16676,1981,Wolfen
611573,3,2005-03-28,16676,1981,Wolfen
335938,2,2003-02-11,16676,1981,Wolfen
962944,3,2003-09-08,16676,1981,Wolfen
2087152,4,2003-09-27,16676,1981,Wolfen
771345,3,2003-12-26,17743,2003,Better Luck Tomorrow
1620735,4,2003-11-19,17743,2003,Better Luck Tomorrow
1113647,4,2003-11-23,17743,2003,Better Luck Tomorrow
2509293,4,2003-12-09,17743,2003,Better Luck Tomorrow
1135038,3,2003-05-09,17743,2003,Better Luck Tomorrow
1055705,3,2004-03-29,17743,2003,Better Luck Tomorrow
555841,3,2004-07-02,17743,2003,Better Luck Tomorrow
1997103,3,2004-01-10,17743,2003,Better Luck Tomorrow
1277996,4,2005-01-10,17743,2003,Better Luck Tomorrow
1145956,2,2005-08-12,17743,2003,Better Luck Tomorrow
755320,3,2003-11-19,17743,2003,Better Luck Tomorrow
862850,4,2004-02-10,17743,2003,Better Luck Tomorrow
1078893,1,2005-04-28,17743,2003,Better Luck Tomorrow
2087189,3,2004-01-27,17743,2003,Better Luck Tomorrow
1707271,2,2003-12-24,17743,2003,Better Luck Tomorrow
2603700,3,2003-10-21,17743,2003,Better Luck Tomorrow
2577383,3,2005-12-30,17743,2003,Better Luck Tomorrow
252054,4,2005-05-24,17743,2003,Better Luck Tomorrow
758052,4,2004-03-25,17743,2003,Better Luck Tomorrow
2627800,3,2003-10-06,17743,2003,Better Luck Tomorrow
101564,4,2005-09-21,17743,2003,Better Luck Tomorrow
2645828,5,2004-03-30,17743,2003,Better Luck Tomorrow
504296,4,2003-10-07,17743,2003,Better Luck Tomorrow
136030,2,2005-01-19,17743,2003,Better Luck Tomorrow
1973114,3,2003-11-25,17743,2003,Better Luck Tomorrow
1975589,4,2003-10-03,17743,2003,Better Luck Tomorrow
943538,2,2004-03-12,17743,2003,Better Luck Tomorrow
467083,4,2005-02-01,17743,2003,Better Luck Tomorrow
158266,2,2005-03-17,17743,2003,Better Luck Tomorrow
1753001,5,2004-08-03,17743,2003,Better Luck Tomorrow
1115828,3,2004-10-04,17743,2003,Better Luck Tomorrow
2440182,2,2004-04-30,17743,2003,Better Luck Tomorrow
1579483,5,2005-01-04,17743,2003,Better Luck Tomorrow
762835,2,2004-10-02,17743,2003,Better Luck Tomorrow
781676,4,2003-10-31,17743,2003,Better Luck Tomorrow
451702,3,2005-04-01,17743,2003,Better Luck Tomorrow
1345636,4,2005-02-06,17743,2003,Better Luck Tomorrow
2176304,3,2004-06-24,17743,2003,Better Luck Tomorrow
138106,3,2003-11-11,17743,2003,Better Luck Tomorrow
2176056,2,2005-01-19,17743,2003,Better Luck Tomorrow
1434786,4,2004-12-27,17743,2003,Better Luck Tomorrow
434585,3,2003-12-06,17743,2003,Better Luck Tomorrow
1537383,4,2004-02-14,17743,2003,Better Luck Tomorrow
2229846,3,2005-03-23,17743,2003,Better Luck Tomorrow
2014141,2,2004-02-11,17743,2003,Better Luck Tomorrow
932047,3,2003-11-23,17743,2003,Better Luck Tomorrow
1946584,4,2005-02-26,17743,2003,Better Luck Tomorrow
1889646,3,2005-06-09,17743,2003,Better Luck Tomorrow
490057,3,2003-10-26,17743,2003,Better Luck Tomorrow
1000634,4,2004-04-01,17743,2003,Better Luck Tomorrow
462857,3,2003-12-02,17743,2003,Better Luck Tomorrow
1524307,3,2003-11-19,17743,2003,Better Luck Tomorrow
1756840,3,2005-04-06,17743,2003,Better Luck Tomorrow
2525782,2,2004-06-01,17743,2003,Better Luck Tomorrow
1008039,5,2004-01-29,17743,2003,Better Luck Tomorrow
1184111,2,2005-06-14,17743,2003,Better Luck Tomorrow
223488,2,2004-06-25,17743,2003,Better Luck Tomorrow
617493,4,2004-02-05,17743,2003,Better Luck Tomorrow
1872828,5,2004-04-26,17743,2003,Better Luck Tomorrow
1922996,4,2003-10-11,17743,2003,Better Luck Tomorrow
2328701,4,2004-05-23,17743,2003,Better Luck Tomorrow
909926,3,2004-05-07,17743,2003,Better Luck Tomorrow
2292909,4,2003-12-01,17743,2003,Better Luck Tomorrow
1826742,4,2003-10-19,17743,2003,Better Luck Tomorrow
573928,4,2004-02-01,17743,2003,Better Luck Tomorrow
2480035,3,2005-11-29,17743,2003,Better Luck Tomorrow
2246923,4,2005-07-13,17743,2003,Better Luck Tomorrow
105421,3,2004-02-18,17743,2003,Better Luck Tomorrow
701514,4,2004-07-17,17743,2003,Better Luck Tomorrow
1983863,3,2004-01-14,17743,2003,Better Luck Tomorrow
2591364,2,2004-06-19,17743,2003,Better Luck Tomorrow
1561647,3,2003-11-10,17743,2003,Better Luck Tomorrow
442222,3,2004-02-22,17743,2003,Better Luck Tomorrow
